Date,CBP_Apprehended,CBP_Custody,CBP_Transferred,HHS_Care,HHS_Discharged,Year,Month,MonthName,DayOfWeek,IsWeekend,Transfer_Efficiency_Ratio,Discharge_Effectiveness_Index,Pipeline_Throughput_Rate,Backlog_Accumulation_Rate,Outcome_Stability_Score,Cumulative_Backlog,Backlog_Flag,Backlog_Streak
2023-01-12,33.0,53.0,34.0,6566.0,436.0,2023,1,Jan,Thursday,False,0.6415,0.066403,7.0149,-403.0,,-403.0,False,0
2023-01-22,32.0,49.0,39.0,7122.0,227.0,2023,1,Jan,Sunday,True,0.7959,0.031873,3.7465,-195.0,,-598.0,False,0
2023-01-23,32.0,50.0,39.0,7280.0,181.0,2023,1,Jan,Monday,False,0.78,0.024863,3.0986,-149.0,135.9056,-747.0,False,0
2023-01-24,47.0,42.0,47.0,7433.0,175.0,2023,1,Jan,Tuesday,False,1.119,0.023544,2.3617,-128.0,123.0457,-875.0,False,0
2023-01-25,20.0,22.0,41.0,7538.0,180.0,2023,1,Jan,Wednesday,False,1.8636,0.023879,3.623,-160.0,111.6812,-1035.0,False,0
2023-01-29,23.0,45.0,11.0,7472.0,303.0,2023,1,Jan,Sunday,True,0.2444,0.040551,9.2353,-280.0,103.1691,-1315.0,False,0
2023-01-30,34.0,54.0,29.0,7743.0,196.0,2023,1,Jan,Monday,False,0.537,0.025313,3.5714,-162.0,96.393,-1477.0,False,0
2023-01-31,26.0,36.0,36.0,7803.0,158.0,2023,1,Jan,Tuesday,False,1.0,0.020249,3.129,-132.0,49.0694,-1609.0,False,0
2023-02-01,25.0,32.0,27.0,7903.0,231.0,2023,2,Feb,Wednesday,False,0.8438,0.029229,4.9615,-206.0,49.4195,-1815.0,False,0
2023-02-02,15.0,13.0,23.0,7879.0,298.0,2023,2,Feb,Thursday,False,1.7692,0.037822,8.4474,-283.0,59.3561,-2098.0,False,0
2023-02-05,16.0,18.0,15.0,7586.0,342.0,2023,2,Feb,Sunday,True,0.8333,0.045083,11.5161,-326.0,70.6706,-2424.0,False,0
2023-02-06,11.0,22.0,12.0,7720.0,196.0,2023,2,Feb,Monday,False,0.5455,0.025389,9.0435,-185.0,68.4804,-2609.0,False,0
2023-02-07,16.0,20.0,20.0,7855.0,200.0,2023,2,Feb,Tuesday,False,1.0,0.025461,6.1111,-184.0,65.253,-2793.0,False,0
2023-02-08,93.0,196.0,169.0,7915.0,317.0,2023,2,Feb,Wednesday,False,0.8622,0.040051,1.855,-224.0,70.1057,-3017.0,False,0
2023-02-09,124.0,234.0,161.0,7908.0,353.0,2023,2,Feb,Thursday,False,0.688,0.044638,1.8035,-229.0,66.6426,-3246.0,False,0
2023-02-12,92.0,203.0,173.0,7434.0,317.0,2023,2,Feb,Sunday,True,0.8522,0.042642,1.8491,-225.0,64.7096,-3471.0,False,0
2023-02-13,186.0,259.0,172.0,7483.0,244.0,2023,2,Feb,Monday,False,0.6641,0.032607,1.162,-58.0,66.6476,-3529.0,False,0
2023-02-14,154.0,225.0,220.0,7794.0,223.0,2023,2,Feb,Tuesday,False,0.9778,0.028612,1.1845,-69.0,63.6912,-3598.0,False,0
2023-02-15,91.0,199.0,172.0,7869.0,290.0,2023,2,Feb,Wednesday,False,0.8643,0.036853,1.7567,-199.0,56.3847,-3797.0,False,0
2023-02-16,81.0,213.0,153.0,7793.0,361.0,2023,2,Feb,Thursday,False,0.7183,0.046324,2.1966,-280.0,52.0728,-4077.0,False,0
2023-02-20,209.0,285.0,184.0,7817.0,209.0,2023,2,Feb,Monday,False,0.6456,0.026737,1.0,0.0,61.5757,-4077.0,False,0
2023-02-21,184.0,314.0,217.0,7967.0,213.0,2023,2,Feb,Tuesday,False,0.6911,0.026735,1.0723,-29.0,58.5796,-4106.0,False,0
2023-02-22,107.0,215.0,230.0,7978.0,232.0,2023,2,Feb,Wednesday,False,1.0698,0.02908,1.3709,-125.0,54.7583,-4231.0,False,0
2023-02-23,101.0,162.0,178.0,7914.0,386.0,2023,2,Feb,Thursday,False,1.0988,0.048774,2.0215,-285.0,73.799,-4516.0,False,0
2023-02-26,99.0,190.0,176.0,7609.0,323.0,2023,2,Feb,Sunday,True,0.9263,0.04245,1.8145,-224.0,72.0688,-4740.0,False,0
2023-02-27,167.0,239.0,166.0,7800.0,248.0,2023,2,Feb,Monday,False,0.6946,0.031795,1.2432,-81.0,73.5792,-4821.0,False,0
2023-02-28,115.0,216.0,169.0,7896.0,200.0,2023,2,Feb,Tuesday,False,0.7824,0.025329,1.2993,-85.0,69.7274,-4906.0,False,0
2023-03-01,84.0,158.0,193.0,7930.0,307.0,2023,3,Mar,Wednesday,False,1.2215,0.038714,1.8051,-223.0,67.8963,-5129.0,False,0
2023-03-02,130.0,227.0,192.0,7870.0,335.0,2023,3,Mar,Thursday,False,0.8458,0.042567,1.6366,-205.0,65.6339,-5334.0,False,0
2023-03-07,88.0,214.0,160.0,7859.0,259.0,2023,3,Mar,Tuesday,False,0.7477,0.032956,1.6895,-171.0,62.3592,-5505.0,False,0
2023-03-08,113.0,208.0,159.0,7885.0,291.0,2023,3,Mar,Wednesday,False,0.7644,0.036906,1.6544,-178.0,47.588,-5683.0,False,0
2023-03-09,174.0,285.0,150.0,7786.0,340.0,2023,3,Mar,Thursday,False,0.5263,0.043668,1.5123,-166.0,50.4692,-5849.0,False,0
2023-03-13,104.0,230.0,206.0,7567.0,249.0,2023,3,Mar,Monday,False,0.8957,0.032906,1.4677,-145.0,50.3554,-5994.0,False,0
2023-03-14,147.0,276.0,214.0,7810.0,181.0,2023,3,Mar,Tuesday,False,0.7754,0.023175,1.0942,-34.0,55.7934,-6028.0,False,0
2023-03-15,108.0,220.0,213.0,7915.0,286.0,2023,3,Mar,Wednesday,False,0.9682,0.036134,1.5545,-178.0,54.6709,-6206.0,False,0
2023-03-16,180.0,280.0,146.0,7989.0,308.0,2023,3,Mar,Thursday,False,0.5214,0.038553,1.3926,-128.0,50.7308,-6334.0,False,0
2023-03-19,134.0,294.0,186.0,7885.0,306.0,2023,3,Mar,Sunday,True,0.6327,0.038808,1.5375,-172.0,51.6056,-6506.0,False,0
2023-03-20,202.0,313.0,158.0,7931.0,279.0,2023,3,Mar,Monday,False,0.5048,0.035178,1.2139,-77.0,51.3837,-6583.0,False,0
2023-03-21,110.0,272.0,193.0,8050.0,221.0,2023,3,Mar,Tuesday,False,0.7096,0.027453,1.3663,-111.0,47.127,-6694.0,False,0
2023-03-22,166.0,277.0,229.0,8097.0,246.0,2023,3,Mar,Wednesday,False,0.8267,0.030382,1.2025,-80.0,47.2723,-6774.0,False,0
2023-03-23,136.0,276.0,178.0,8102.0,331.0,2023,3,Mar,Thursday,False,0.6449,0.040854,1.621,-195.0,38.0651,-6969.0,False,0
2023-03-26,87.0,246.0,173.0,7847.0,352.0,2023,3,Mar,Sunday,True,0.7033,0.044858,2.0192,-265.0,46.366,-7234.0,False,0
2023-03-27,84.0,171.0,157.0,7994.0,235.0,2023,3,Mar,Monday,False,0.9181,0.029397,1.6266,-151.0,50.1825,-7385.0,False,0
2023-03-28,167.0,209.0,157.0,8079.0,223.0,2023,3,Mar,Tuesday,False,0.7512,0.027602,1.1728,-56.0,53.1283,-7441.0,False,0
2023-03-29,109.0,245.0,159.0,8208.0,267.0,2023,3,Mar,Wednesday,False,0.649,0.032529,1.5896,-158.0,52.9667,-7599.0,False,0
2023-03-30,156.0,256.0,176.0,8158.0,359.0,2023,3,Mar,Thursday,False,0.6875,0.044006,1.6114,-203.0,58.057,-7802.0,False,0
2023-04-02,125.0,232.0,192.0,7981.0,304.0,2023,4,Apr,Sunday,True,0.8276,0.03809,1.5647,-179.0,55.204,-7981.0,False,0
2023-04-03,118.0,139.0,168.0,8054.0,284.0,2023,4,Apr,Monday,False,1.2086,0.035262,1.5804,-166.0,53.0328,-8147.0,False,0
2023-04-04,142.0,235.0,139.0,8068.0,259.0,2023,4,Apr,Tuesday,False,0.5915,0.032102,1.4164,-117.0,45.82,-8264.0,False,0
2023-04-05,148.0,245.0,175.0,8175.0,260.0,2023,4,Apr,Wednesday,False,0.7143,0.031804,1.3467,-112.0,42.9917,-8376.0,False,0
2023-04-06,119.0,219.0,210.0,8178.0,284.0,2023,4,Apr,Thursday,False,0.9589,0.034727,1.5015,-165.0,35.1066,-8541.0,False,0
2023-04-09,105.0,210.0,149.0,7900.0,329.0,2023,4,Apr,Sunday,True,0.7095,0.041646,1.8819,-224.0,36.6697,-8765.0,False,0
2023-04-10,143.0,203.0,163.0,7826.0,265.0,2023,4,Apr,Monday,False,0.803,0.033861,1.3987,-122.0,25.7737,-8887.0,False,0
2023-04-11,119.0,209.0,152.0,7922.0,187.0,2023,4,Apr,Tuesday,False,0.7273,0.023605,1.2509,-68.0,42.6983,-8955.0,False,0
2023-04-12,155.0,212.0,181.0,7876.0,283.0,2023,4,Apr,Wednesday,False,0.8538,0.035932,1.381,-128.0,42.633,-9083.0,False,0
2023-04-13,109.0,214.0,173.0,7795.0,370.0,2023,4,Apr,Thursday,False,0.8084,0.047466,1.9255,-261.0,57.3784,-9344.0,False,0
2023-04-16,191.0,283.0,192.0,7380.0,272.0,2023,4,Apr,Sunday,True,0.6784,0.036856,1.2115,-81.0,56.7677,-9425.0,False,0
2023-04-17,170.0,297.0,196.0,7344.0,248.0,2023,4,Apr,Monday,False,0.6599,0.033769,1.2131,-78.0,58.405,-9503.0,False,0
2023-04-18,152.0,272.0,214.0,7376.0,234.0,2023,4,Apr,Tuesday,False,0.7868,0.031725,1.224,-82.0,55.8715,-9585.0,False,0
2023-04-19,239.0,367.0,224.0,7356.0,229.0,2023,4,Apr,Wednesday,False,0.6104,0.031131,0.9784,10.0,57.564,-9575.0,True,1
2023-04-20,113.0,280.0,237.0,7490.0,320.0,2023,4,Apr,Thursday,False,0.8464,0.042724,1.5914,-207.0,50.8457,-9782.0,False,0
2023-04-23,196.0,306.0,187.0,7534.0,266.0,2023,4,Apr,Sunday,True,0.6111,0.035307,1.1828,-70.0,51.0523,-9852.0,False,0
2023-04-24,236.0,330.0,222.0,7796.0,213.0,2023,4,Apr,Monday,False,0.6727,0.027322,0.9498,23.0,35.5052,-9829.0,True,1
2023-04-25,81.0,230.0,242.0,8017.0,202.0,2023,4,Apr,Tuesday,False,1.0522,0.025196,1.3746,-121.0,39.4202,-9950.0,False,0
2023-04-26,118.0,245.0,160.0,8117.0,256.0,2023,4,Apr,Wednesday,False,0.6531,0.031539,1.4964,-138.0,39.6515,-10088.0,False,0
2023-04-27,218.0,283.0,208.0,8159.0,310.0,2023,4,Apr,Thursday,False,0.735,0.037995,1.216,-92.0,45.8325,-10180.0,False,0
2023-04-30,132.0,243.0,183.0,8352.0,293.0,2023,4,Apr,Sunday,True,0.7531,0.035081,1.5111,-161.0,45.7993,-10341.0,False,0
2023-05-01,224.0,315.0,152.0,8492.0,237.0,2023,5,May,Monday,False,0.4825,0.027909,1.0346,-13.0,39.7468,-10354.0,False,0
2023-05-02,167.0,326.0,213.0,8654.0,245.0,2023,5,May,Tuesday,False,0.6534,0.028311,1.2053,-78.0,39.4691,-10432.0,False,0
2023-05-03,209.0,353.0,232.0,8704.0,267.0,2023,5,May,Wednesday,False,0.6572,0.030676,1.1315,-58.0,35.9576,-10490.0,False,0
2023-05-04,153.0,253.0,286.0,8790.0,332.0,2023,5,May,Thursday,False,1.1304,0.03777,1.4077,-179.0,35.4374,-10669.0,False,0
2023-05-07,180.0,337.0,219.0,8485.0,375.0,2023,5,May,Sunday,True,0.6499,0.044196,1.4887,-195.0,49.3978,-10864.0,False,0
2023-05-08,133.0,287.0,189.0,8590.0,261.0,2023,5,May,Monday,False,0.6585,0.030384,1.3975,-128.0,50.2408,-10992.0,False,0
2023-05-09,187.0,310.0,247.0,8606.0,250.0,2023,5,May,Tuesday,False,0.7968,0.02905,1.1452,-63.0,52.0032,-11055.0,False,0
2023-05-10,168.0,285.0,210.0,8681.0,304.0,2023,5,May,Wednesday,False,0.7368,0.035019,1.3598,-136.0,48.6102,-11191.0,False,0
2023-05-11,269.0,412.0,204.0,8672.0,392.0,2023,5,May,Thursday,False,0.4951,0.045203,1.26,-123.0,56.7182,-11314.0,False,0
2023-05-14,100.0,255.0,236.0,8445.0,288.0,2023,5,May,Sunday,True,0.9255,0.034103,1.5595,-188.0,54.4789,-11502.0,False,0
2023-05-15,205.0,294.0,177.0,8571.0,277.0,2023,5,May,Monday,False,0.602,0.032318,1.1885,-72.0,55.5029,-11574.0,False,0
2023-05-16,161.0,304.0,211.0,8572.0,272.0,2023,5,May,Tuesday,False,0.6941,0.031731,1.2984,-111.0,47.4517,-11685.0,False,0
2023-05-17,57.0,162.0,193.0,8569.0,307.0,2023,5,May,Wednesday,False,1.1914,0.035827,2.0,-250.0,45.5919,-11935.0,False,0
2023-05-18,80.0,122.0,152.0,8474.0,351.0,2023,5,May,Thursday,False,1.2459,0.041421,2.1681,-271.0,43.5966,-12206.0,False,0
2023-05-21,107.0,170.0,133.0,7826.0,343.0,2023,5,May,Sunday,True,0.7824,0.043828,1.9833,-236.0,44.732,-12442.0,False,0
2023-05-22,99.0,156.0,139.0,7848.0,240.0,2023,5,May,Monday,False,0.891,0.030581,1.5924,-141.0,39.7636,-12583.0,False,0
2023-05-23,25.0,66.0,94.0,7788.0,246.0,2023,5,May,Tuesday,False,1.4242,0.031587,2.8571,-221.0,44.2396,-12804.0,False,0
2023-05-24,35.0,70.0,53.0,7709.0,276.0,2023,5,May,Wednesday,False,0.7571,0.035802,3.7386,-241.0,44.2934,-13045.0,False,0
2023-05-25,43.0,73.0,64.0,7546.0,408.0,2023,5,May,Thursday,False,0.8767,0.054068,4.4112,-365.0,61.2847,-13410.0,False,0
2023-05-29,41.0,60.0,71.0,6996.0,207.0,2023,5,May,Monday,False,1.1833,0.029588,2.4821,-166.0,72.7265,-13576.0,False,0
2023-05-30,65.0,83.0,65.0,7046.0,168.0,2023,5,May,Tuesday,False,0.7831,0.023843,1.7923,-103.0,81.912,-13679.0,False,0
2023-05-31,38.0,80.0,82.0,7053.0,210.0,2023,5,May,Wednesday,False,1.025,0.029775,2.4333,-172.0,77.3794,-13851.0,False,0
2023-06-01,56.0,82.0,68.0,7002.0,287.0,2023,6,Jun,Thursday,False,0.8293,0.040988,2.8629,-231.0,78.3281,-14082.0,False,0
2023-06-04,74.0,103.0,80.0,6555.0,292.0,2023,6,Jun,Sunday,True,0.7767,0.044546,2.4156,-218.0,79.1349,-14300.0,False,0
2023-06-05,68.0,107.0,102.0,6523.0,189.0,2023,6,Jun,Monday,False,0.9533,0.028974,1.7118,-121.0,83.6398,-14421.0,False,0
2023-06-06,92.0,124.0,93.0,6508.0,187.0,2023,6,Jun,Tuesday,False,0.75,0.028734,1.5135,-95.0,49.4907,-14516.0,False,0
2023-06-07,113.0,162.0,107.0,6483.0,208.0,2023,6,Jun,Wednesday,False,0.6605,0.032084,1.4318,-95.0,49.4484,-14611.0,False,0
2023-06-08,106.0,196.0,131.0,6446.0,255.0,2023,6,Jun,Thursday,False,0.6684,0.039559,1.6287,-149.0,44.8808,-14760.0,False,0
2023-06-11,86.0,152.0,168.0,6007.0,238.0,2023,6,Jun,Sunday,True,1.1053,0.03962,1.5984,-152.0,43.7678,-14912.0,False,0
2023-06-12,84.0,118.0,136.0,6021.0,177.0,2023,6,Jun,Monday,False,1.1525,0.029397,1.4227,-93.0,42.3691,-15005.0,False,0
2023-06-13,59.0,64.0,117.0,6061.0,146.0,2023,6,Jun,Tuesday,False,1.8281,0.024088,1.4943,-87.0,37.1214,-15092.0,False,0
2023-06-14,62.0,97.0,52.0,6065.0,167.0,2023,6,Jun,Wednesday,False,0.5361,0.027535,1.9211,-105.0,39.0872,-15197.0,False,0
2023-06-15,91.0,75.0,97.0,6038.0,272.0,2023,6,Jun,Thursday,False,1.2933,0.045048,1.9628,-181.0,47.7563,-15378.0,False,0
2023-06-19,29.0,51.0,11.0,5679.0,142.0,2023,6,Jun,Monday,False,0.2157,0.025004,3.825,-113.0,54.0828,-15491.0,False,0
2023-06-20,33.0,53.0,34.0,5904.0,134.0,2023,6,Jun,Tuesday,False,0.6415,0.022696,2.5075,-101.0,52.7343,-15592.0,False,0
2023-06-21,93.0,196.0,169.0,5922.0,149.0,2023,6,Jun,Wednesday,False,0.8622,0.02516,1.2137,-56.0,47.5355,-15648.0,False,0
2023-06-22,124.0,234.0,161.0,5956.0,207.0,2023,6,Jun,Thursday,False,0.688,0.034755,1.2912,-83.0,49.6233,-15731.0,False,0
2023-06-25,92.0,203.0,173.0,5766.0,263.0,2023,6,Jun,Sunday,True,0.8522,0.045612,1.6453,-171.0,57.7202,-15902.0,False,0
2023-06-26,186.0,259.0,172.0,5819.0,174.0,2023,6,Jun,Monday,False,0.6641,0.029902,0.9665,12.0,57.3029,-15890.0,True,1
2023-06-27,154.0,225.0,220.0,5917.0,155.0,2023,6,Jun,Tuesday,False,0.9778,0.026196,1.0027,-1.0,45.8528,-15891.0,False,0
2023-06-28,91.0,199.0,172.0,5999.0,174.0,2023,6,Jun,Wednesday,False,0.8643,0.029005,1.3156,-83.0,43.5693,-15974.0,False,0
2023-06-29,81.0,213.0,153.0,6058.0,213.0,2023,6,Jun,Thursday,False,0.7183,0.03516,1.5641,-132.0,39.9196,-16106.0,False,0
2023-07-02,209.0,285.0,184.0,5903.0,309.0,2023,7,Jul,Sunday,True,0.6456,0.052346,1.2545,-100.0,55.0087,-16206.0,False,0
2023-07-04,184.0,314.0,217.0,6127.0,124.0,2023,7,Jul,Tuesday,False,0.6911,0.020238,0.8504,60.0,64.7449,-16146.0,True,1
2023-07-05,107.0,215.0,230.0,6193.0,167.0,2023,7,Jul,Wednesday,False,1.0698,0.026966,1.178,-60.0,59.5595,-16206.0,False,0
2023-07-06,101.0,162.0,178.0,6239.0,205.0,2023,7,Jul,Thursday,False,1.0988,0.032858,1.3728,-104.0,59.4975,-16310.0,False,0
2023-07-09,99.0,190.0,176.0,6214.0,196.0,2023,7,Jul,Sunday,True,0.9263,0.031542,1.3527,-97.0,57.1714,-16407.0,False,0
2023-07-10,167.0,239.0,166.0,6346.0,163.0,2023,7,Jul,Monday,False,0.6946,0.025685,0.988,4.0,58.0939,-16403.0,True,1
2023-07-11,115.0,216.0,169.0,6498.0,143.0,2023,7,Jul,Tuesday,False,0.7824,0.022007,1.0986,-28.0,60.7857,-16431.0,False,0
2023-07-12,84.0,158.0,193.0,6521.0,210.0,2023,7,Jul,Wednesday,False,1.2215,0.032204,1.4549,-126.0,32.5518,-16557.0,False,0
2023-07-13,130.0,227.0,192.0,6604.0,226.0,2023,7,Jul,Thursday,False,0.8458,0.034222,1.2981,-96.0,29.9078,-16653.0,False,0
2023-07-16,88.0,214.0,160.0,6468.0,218.0,2023,7,Jul,Sunday,True,0.7477,0.033704,1.5242,-130.0,30.3911,-16783.0,False,0
2023-07-17,113.0,208.0,159.0,6632.0,160.0,2023,7,Jul,Monday,False,0.7644,0.024125,1.1728,-47.0,32.4705,-16830.0,False,0
2023-07-18,174.0,285.0,150.0,6874.0,181.0,2023,7,Jul,Tuesday,False,0.5263,0.026331,1.0216,-7.0,32.3493,-16837.0,False,0
2023-07-19,104.0,230.0,206.0,7001.0,226.0,2023,7,Jul,Wednesday,False,0.8957,0.032281,1.3935,-122.0,33.6671,-16959.0,False,0
2023-07-20,147.0,276.0,214.0,7116.0,281.0,2023,7,Jul,Thursday,False,0.7754,0.039488,1.3712,-134.0,38.3226,-17093.0,False,0
2023-07-23,108.0,220.0,213.0,7052.0,276.0,2023,7,Jul,Sunday,True,0.9682,0.039138,1.5234,-168.0,44.6132,-17261.0,False,0
2023-07-24,180.0,280.0,146.0,7220.0,187.0,2023,7,Jul,Monday,False,0.5214,0.0259,1.0215,-7.0,46.7078,-17268.0,False,0
2023-07-25,134.0,294.0,186.0,7510.0,136.0,2023,7,Jul,Tuesday,False,0.6327,0.018109,1.0062,-2.0,56.1596,-17270.0,False,0
2023-07-26,202.0,313.0,158.0,7647.0,215.0,2023,7,Jul,Wednesday,False,0.5048,0.028116,1.0361,-13.0,52.2458,-17283.0,False,0
2023-07-27,110.0,272.0,193.0,7754.0,259.0,2023,7,Jul,Thursday,False,0.7096,0.033402,1.4917,-149.0,52.2102,-17432.0,False,0
2023-07-30,166.0,277.0,229.0,7671.0,305.0,2023,7,Jul,Sunday,True,0.8267,0.03976,1.3519,-139.0,60.208,-17571.0,False,0
2023-07-31,136.0,276.0,178.0,7800.0,220.0,2023,7,Jul,Monday,False,0.6449,0.028205,1.2675,-84.0,57.1131,-17655.0,False,0
2023-08-01,87.0,246.0,173.0,8103.0,168.0,2023,8,Aug,Tuesday,False,0.7033,0.020733,1.3115,-81.0,56.6611,-17736.0,False,0
2023-08-02,84.0,171.0,157.0,8261.0,271.0,2023,8,Aug,Wednesday,False,0.9181,0.032805,1.7759,-187.0,59.1141,-17923.0,False,0
2023-08-03,167.0,209.0,157.0,8294.0,339.0,2023,8,Aug,Thursday,False,0.7512,0.040873,1.5309,-172.0,58.0414,-18095.0,False,0
2023-08-06,109.0,245.0,159.0,8298.0,322.0,2023,8,Aug,Sunday,True,0.649,0.038805,1.7948,-213.0,60.1538,-18308.0,False,0
2023-08-07,156.0,256.0,176.0,8493.0,202.0,2023,8,Aug,Monday,False,0.6875,0.023784,1.1386,-46.0,65.386,-18354.0,False,0
2023-08-08,125.0,232.0,192.0,8725.0,207.0,2023,8,Aug,Tuesday,False,0.8276,0.023725,1.2587,-82.0,64.8845,-18436.0,False,0
2023-08-09,118.0,139.0,168.0,8888.0,251.0,2023,8,Aug,Wednesday,False,1.2086,0.02824,1.465,-133.0,63.7831,-18569.0,False,0
2023-08-10,142.0,235.0,139.0,8914.0,353.0,2023,8,Aug,Thursday,False,0.5915,0.039601,1.7509,-211.0,61.748,-18780.0,False,0
2023-08-16,148.0,245.0,175.0,9634.0,288.0,2023,8,Aug,Wednesday,False,0.7143,0.029894,1.4334,-140.0,61.7676,-18920.0,False,0
2023-08-17,119.0,219.0,210.0,9694.0,407.0,2023,8,Aug,Thursday,False,0.9589,0.041985,1.8754,-288.0,76.2015,-19208.0,False,0
2023-08-20,105.0,210.0,149.0,9483.0,390.0,2023,8,Aug,Sunday,True,0.7095,0.041126,2.122,-285.0,84.809,-19493.0,False,0
2023-08-21,143.0,203.0,163.0,9668.0,281.0,2023,8,Aug,Monday,False,0.803,0.029065,1.451,-138.0,74.2361,-19631.0,False,0
2023-08-22,119.0,209.0,152.0,9921.0,230.0,2023,8,Aug,Tuesday,False,0.7273,0.023183,1.4096,-111.0,69.2043,-19742.0,False,0
2023-08-23,155.0,212.0,181.0,10071.0,285.0,2023,8,Aug,Wednesday,False,0.8538,0.028299,1.3869,-130.0,65.0933,-19872.0,False,0
2023-08-24,109.0,214.0,173.0,10026.0,443.0,2023,8,Aug,Thursday,False,0.8084,0.044185,2.1844,-334.0,80.0625,-20206.0,False,0
2023-08-27,191.0,283.0,192.0,9873.0,488.0,2023,8,Aug,Sunday,True,0.6784,0.049428,1.7755,-297.0,95.8695,-20503.0,False,0
2023-08-28,170.0,297.0,196.0,10012.0,388.0,2023,8,Aug,Monday,False,0.6599,0.038753,1.5956,-218.0,94.5964,-20721.0,False,0
2023-08-29,152.0,272.0,214.0,10180.0,286.0,2023,8,Aug,Tuesday,False,0.7868,0.028094,1.3661,-134.0,96.847,-20855.0,False,0
2023-08-30,239.0,367.0,224.0,10280.0,366.0,2023,8,Aug,Wednesday,False,0.6104,0.035603,1.2743,-127.0,93.0312,-20982.0,False,0
2023-08-31,113.0,280.0,237.0,10140.0,505.0,2023,8,Aug,Thursday,False,0.8464,0.049803,2.12,-392.0,89.3698,-21374.0,False,0
2023-09-04,196.0,306.0,187.0,9988.0,293.0,2023,9,Sep,Monday,False,0.6111,0.029335,1.2533,-97.0,87.7741,-21471.0,False,0
2023-09-05,236.0,330.0,222.0,10142.0,243.0,2023,9,Sep,Tuesday,False,0.6727,0.02396,1.0153,-7.0,101.2752,-21478.0,False,0
2023-09-06,81.0,230.0,242.0,10356.0,291.0,2023,9,Sep,Wednesday,False,1.0522,0.0281,1.6502,-210.0,88.6292,-21688.0,False,0
2023-09-07,118.0,245.0,160.0,10419.0,398.0,2023,9,Sep,Thursday,False,0.6531,0.038199,2.0072,-280.0,89.6283,-21968.0,False,0
2023-09-10,218.0,283.0,208.0,10282.0,382.0,2023,9,Sep,Sunday,True,0.735,0.037152,1.385,-164.0,87.2506,-22132.0,False,0
2023-09-11,132.0,243.0,183.0,10492.0,277.0,2023,9,Sep,Monday,False,0.7531,0.026401,1.4603,-145.0,91.5873,-22277.0,False,0
2023-09-12,224.0,315.0,152.0,10649.0,316.0,2023,9,Sep,Tuesday,False,0.4825,0.029674,1.2447,-92.0,56.367,-22369.0,False,0
2023-09-13,167.0,326.0,213.0,10678.0,343.0,2023,9,Sep,Wednesday,False,0.6534,0.032122,1.4632,-176.0,56.3881,-22545.0,False,0
2023-09-14,209.0,353.0,232.0,10837.0,414.0,2023,9,Sep,Thursday,False,0.6572,0.038202,1.4649,-205.0,53.7259,-22750.0,False,0
2023-09-17,153.0,253.0,286.0,10799.0,427.0,2023,9,Sep,Sunday,True,1.1304,0.039541,1.6241,-274.0,55.1535,-23024.0,False,0
2023-09-18,180.0,337.0,219.0,10892.0,313.0,2023,9,Sep,Monday,False,0.6499,0.028737,1.3333,-133.0,56.0994,-23157.0,False,0
2023-09-19,133.0,287.0,189.0,11095.0,260.0,2023,9,Sep,Tuesday,False,0.6585,0.023434,1.3944,-127.0,64.0305,-23284.0,False,0
2023-09-20,187.0,310.0,247.0,11064.0,364.0,2023,9,Sep,Wednesday,False,0.7968,0.032899,1.4078,-177.0,58.9786,-23461.0,False,0
2023-09-21,168.0,285.0,210.0,11067.0,428.0,2023,9,Sep,Thursday,False,0.7368,0.038674,1.6878,-260.0,63.8003,-23721.0,False,0
2023-09-24,269.0,412.0,204.0,10744.0,403.0,2023,9,Sep,Sunday,True,0.4951,0.037509,1.2833,-134.0,64.5128,-23855.0,False,0
2023-09-25,100.0,255.0,236.0,10842.0,284.0,2023,9,Sep,Monday,False,0.9255,0.026194,1.5476,-184.0,69.1892,-24039.0,False,0
2023-09-26,205.0,294.0,177.0,10978.0,332.0,2023,9,Sep,Tuesday,False,0.602,0.030242,1.3325,-127.0,61.3945,-24166.0,False,0
2023-09-27,161.0,304.0,211.0,11017.0,331.0,2023,9,Sep,Wednesday,False,0.6941,0.030044,1.457,-170.0,60.4164,-24336.0,False,0
2023-09-28,57.0,162.0,193.0,10984.0,447.0,2023,9,Sep,Thursday,False,1.1914,0.040696,2.56,-390.0,58.8485,-24726.0,False,0
2023-10-01,80.0,122.0,152.0,10598.0,493.0,2023,10,Oct,Sunday,True,1.2459,0.046518,2.7802,-413.0,74.7567,-25139.0,False,0
2023-10-02,107.0,170.0,133.0,10724.0,284.0,2023,10,Oct,Monday,False,0.7824,0.026483,1.7375,-177.0,81.5142,-25316.0,False,0
2023-10-03,99.0,156.0,139.0,10818.0,287.0,2023,10,Oct,Tuesday,False,0.891,0.02653,1.7899,-188.0,84.8674,-25504.0,False,0
2023-10-04,25.0,66.0,94.0,10963.0,330.0,2023,10,Oct,Wednesday,False,1.4242,0.030101,3.563,-305.0,80.4689,-25809.0,False,0
2023-10-05,35.0,70.0,53.0,11130.0,427.0,2023,10,Oct,Thursday,False,0.7571,0.038365,5.4545,-392.0,83.3681,-26201.0,False,0
2023-10-09,43.0,73.0,64.0,10815.0,282.0,2023,10,Oct,Monday,False,0.8767,0.026075,3.2336,-239.0,89.1697,-26440.0,False,0
2023-10-10,41.0,60.0,71.0,10910.0,257.0,2023,10,Oct,Tuesday,False,1.1833,0.023556,2.9286,-216.0,88.7119,-26656.0,False,0
2023-10-11,65.0,83.0,65.0,10960.0,266.0,2023,10,Oct,Wednesday,False,0.7831,0.02427,2.5462,-201.0,58.6336,-26857.0,False,0
2023-10-12,38.0,80.0,82.0,10992.0,398.0,2023,10,Oct,Thursday,False,1.025,0.036208,4.0,-360.0,67.1367,-27217.0,False,0
2023-10-15,56.0,82.0,68.0,10571.0,434.0,2023,10,Oct,Sunday,True,0.8293,0.041056,4.0484,-378.0,76.9957,-27595.0,False,0
2023-10-16,74.0,103.0,80.0,10629.0,331.0,2023,10,Oct,Monday,False,0.7767,0.031141,2.6688,-257.0,76.9706,-27852.0,False,0
2023-10-17,68.0,107.0,102.0,10630.0,315.0,2023,10,Oct,Tuesday,False,0.9533,0.029633,2.4529,-247.0,67.4424,-28099.0,False,0
2023-10-18,92.0,124.0,93.0,10511.0,393.0,2023,10,Oct,Wednesday,False,0.75,0.037389,2.627,-301.0,68.3764,-28400.0,False,0
2023-10-19,113.0,162.0,107.0,10319.0,406.0,2023,10,Oct,Thursday,False,0.6605,0.039345,2.3318,-293.0,60.21,-28693.0,False,0
2023-10-22,106.0,196.0,131.0,9506.0,454.0,2023,10,Oct,Sunday,True,0.6684,0.047759,2.4684,-348.0,50.7721,-29041.0,False,0
2023-10-23,86.0,152.0,168.0,9436.0,327.0,2023,10,Oct,Monday,False,1.1053,0.034655,1.9488,-241.0,55.7853,-29282.0,False,0
2023-10-24,84.0,118.0,136.0,9396.0,300.0,2023,10,Oct,Tuesday,False,1.1525,0.031928,1.9818,-216.0,57.1414,-29498.0,False,0
2023-10-25,59.0,64.0,117.0,9351.0,293.0,2023,10,Oct,Wednesday,False,1.8281,0.031334,2.3295,-234.0,62.0453,-29732.0,False,0
2023-10-26,62.0,97.0,52.0,9235.0,390.0,2023,10,Oct,Thursday,False,0.5361,0.042231,3.8772,-328.0,60.3529,-30060.0,False,0
2023-10-29,91.0,75.0,97.0,8925.0,418.0,2023,10,Oct,Sunday,True,1.2933,0.046835,2.7394,-327.0,62.8933,-30387.0,False,0
2023-10-30,29.0,51.0,11.0,9026.0,278.0,2023,10,Oct,Monday,False,0.2157,0.0308,7.225,-249.0,68.9054,-30636.0,False,0
2023-10-31,33.0,53.0,34.0,9072.0,295.0,2023,10,Oct,Tuesday,False,0.6415,0.032518,4.9104,-262.0,54.067,-30898.0,False,0
2023-11-01,132.0,235.0,197.0,9250.0,279.0,2023,11,Nov,Wednesday,False,0.8383,0.030162,1.4468,-147.0,57.2696,-31045.0,False,0
2023-11-02,174.0,208.0,256.0,9442.0,330.0,2023,11,Nov,Thursday,False,1.2308,0.03495,1.3628,-156.0,56.4784,-31201.0,False,0
2023-11-05,123.0,230.0,167.0,9273.0,370.0,2023,11,Nov,Sunday,True,0.7261,0.039901,1.8517,-247.0,56.4459,-31448.0,False,0
2023-11-06,123.0,233.0,159.0,9286.0,316.0,2023,11,Nov,Monday,False,0.6824,0.03403,1.6844,-193.0,51.6199,-31641.0,False,0
2023-11-07,141.0,232.0,188.0,9483.0,231.0,2023,11,Nov,Tuesday,False,0.8103,0.024359,1.2736,-90.0,44.2848,-31731.0,False,0
2023-11-08,158.0,226.0,191.0,9634.0,310.0,2023,11,Nov,Wednesday,False,0.8451,0.032178,1.4355,-152.0,43.293,-31883.0,False,0
2023-11-12,96.0,160.0,233.0,9477.0,313.0,2023,11,Nov,Sunday,True,1.4562,0.033027,1.6596,-217.0,43.1741,-32100.0,False,0
2023-11-13,141.0,173.0,129.0,9510.0,287.0,2023,11,Nov,Monday,False,0.7457,0.030179,1.5407,-146.0,42.4084,-32246.0,False,0
2023-11-14,116.0,181.0,182.0,9665.0,247.0,2023,11,Nov,Tuesday,False,1.0055,0.025556,1.4396,-131.0,46.668,-32377.0,False,0
2023-11-15,150.0,157.0,201.0,9762.0,316.0,2023,11,Nov,Wednesday,False,1.2803,0.03237,1.4729,-166.0,35.6036,-32543.0,False,0
2023-11-16,80.0,176.0,125.0,9762.0,374.0,2023,11,Nov,Thursday,False,0.7102,0.038312,2.4341,-294.0,47.7334,-32837.0,False,0
2023-11-19,116.0,188.0,164.0,9573.0,435.0,2023,11,Nov,Sunday,True,0.8723,0.04544,2.1393,-319.0,61.1991,-33156.0,False,0
2023-11-20,105.0,185.0,158.0,9638.0,298.0,2023,11,Nov,Monday,False,0.8541,0.030919,1.7338,-193.0,61.8862,-33349.0,False,0
2023-11-21,136.0,246.0,123.0,9804.0,250.0,2023,11,Nov,Tuesday,False,0.5,0.0255,1.4402,-114.0,68.0728,-33463.0,False,0
2023-11-23,128.0,228.0,177.0,9838.0,283.0,2023,11,Nov,Thursday,False,0.7763,0.028766,1.5082,-155.0,68.366,-33618.0,False,0
2023-11-26,90.0,196.0,205.0,9845.0,312.0,2023,11,Nov,Sunday,True,1.0459,0.031691,1.7525,-222.0,61.7279,-33840.0,False,0
2023-11-27,56.0,82.0,68.0,10123.0,214.0,2023,11,Nov,Monday,False,0.8293,0.02114,2.2742,-158.0,74.6232,-33998.0,False,0
2023-11-28,74.0,103.0,80.0,10223.0,223.0,2023,11,Nov,Tuesday,False,0.7767,0.021814,1.9675,-149.0,74.6713,-34147.0,False,0
2023-11-29,68.0,107.0,102.0,10398.0,284.0,2023,11,Nov,Wednesday,False,0.9533,0.027313,2.2706,-216.0,37.7744,-34363.0,False,0
2023-11-30,92.0,124.0,93.0,10536.0,320.0,2023,11,Nov,Thursday,False,0.75,0.030372,2.2324,-228.0,41.5767,-34591.0,False,0
2023-12-03,132.0,235.0,197.0,10579.0,417.0,2023,12,Dec,Sunday,True,0.8383,0.039418,1.8663,-285.0,68.0532,-34876.0,False,0
2023-12-04,174.0,208.0,256.0,10635.0,273.0,2023,12,Dec,Monday,False,1.2308,0.02567,1.2302,-99.0,68.4091,-34975.0,False,0
2023-12-05,123.0,230.0,167.0,10761.0,261.0,2023,12,Dec,Tuesday,False,0.7261,0.024254,1.4759,-138.0,68.6218,-35113.0,False,0
2023-12-06,123.0,233.0,159.0,10832.0,376.0,2023,12,Dec,Wednesday,False,0.6824,0.034712,1.8972,-253.0,68.1707,-35366.0,False,0
2023-12-07,141.0,232.0,188.0,10897.0,466.0,2023,12,Dec,Thursday,False,0.8103,0.042764,1.9878,-325.0,78.873,-35691.0,False,0
2023-12-10,158.0,226.0,191.0,10871.0,411.0,2023,12,Dec,Sunday,True,0.8451,0.037807,1.7249,-253.0,77.7922,-35944.0,False,0
2023-12-11,96.0,160.0,233.0,10998.0,304.0,2023,12,Dec,Monday,False,1.4562,0.027641,1.6322,-208.0,79.4013,-36152.0,False,0
2023-12-12,141.0,173.0,129.0,11077.0,259.0,2023,12,Dec,Tuesday,False,0.7457,0.023382,1.437,-118.0,82.3321,-36270.0,False,0
2023-12-13,116.0,181.0,182.0,11192.0,335.0,2023,12,Dec,Wednesday,False,1.0055,0.029932,1.7349,-219.0,77.6635,-36489.0,False,0
2023-12-14,150.0,157.0,201.0,11242.0,396.0,2023,12,Dec,Thursday,False,1.2803,0.035225,1.7009,-246.0,69.8174,-36735.0,False,0
2023-12-17,80.0,176.0,125.0,11092.0,456.0,2023,12,Dec,Sunday,True,0.7102,0.041111,2.8341,-376.0,78.1829,-37111.0,False,0
2023-12-18,116.0,188.0,164.0,11149.0,364.0,2023,12,Dec,Monday,False,0.8723,0.032649,1.8857,-248.0,67.1906,-37359.0,False,0
2023-12-19,105.0,185.0,158.0,11291.0,272.0,2023,12,Dec,Tuesday,False,0.8541,0.02409,1.635,-167.0,70.3193,-37526.0,False,0
2023-12-20,136.0,246.0,123.0,11516.0,390.0,2023,12,Dec,Wednesday,False,0.5,0.033866,1.9807,-254.0,70.3193,-37780.0,False,0
2023-12-21,128.0,228.0,177.0,11375.0,497.0,2023,12,Dec,Thursday,False,0.7763,0.043692,2.2098,-369.0,74.62,-38149.0,False,0
2023-12-25,90.0,196.0,205.0,11144.0,347.0,2023,12,Dec,Monday,False,1.0459,0.031138,1.8712,-257.0,73.3495,-38406.0,False,0
2023-12-26,56.0,82.0,68.0,11217.0,288.0,2023,12,Dec,Tuesday,False,0.8293,0.025675,2.871,-232.0,82.3971,-38638.0,False,0
2023-12-27,74.0,103.0,80.0,11206.0,335.0,2023,12,Dec,Wednesday,False,0.7767,0.029895,2.6948,-261.0,74.5015,-38899.0,False,0
2023-12-28,68.0,107.0,102.0,11230.0,357.0,2023,12,Dec,Thursday,False,0.9533,0.03179,2.7,-289.0,74.4254,-39188.0,False,0
2024-01-01,92.0,124.0,93.0,10870.0,290.0,2024,1,Jan,Monday,False,0.75,0.026679,2.0703,-198.0,71.3202,-39386.0,False,0
2024-01-02,113.0,162.0,107.0,10770.0,316.0,2024,1,Jan,Tuesday,False,0.6605,0.029341,1.9227,-203.0,71.2213,-39589.0,False,0
2024-01-03,106.0,196.0,131.0,10718.0,263.0,2024,1,Jan,Wednesday,False,0.6684,0.024538,1.6624,-157.0,34.7261,-39746.0,False,0
2024-01-04,86.0,152.0,168.0,10558.0,362.0,2024,1,Jan,Thursday,False,1.1053,0.034287,2.0866,-276.0,37.4763,-40022.0,False,0
2024-01-07,84.0,118.0,136.0,9670.0,367.0,2024,1,Jan,Sunday,True,1.1525,0.037952,2.2864,-283.0,39.5282,-40305.0,False,0
2024-01-08,59.0,64.0,117.0,9670.0,367.0,2024,1,Jan,Monday,False,1.8281,0.037952,2.75,-308.0,42.3388,-40613.0,False,0
2024-01-09,62.0,97.0,52.0,9311.0,286.0,2024,1,Jan,Tuesday,False,0.5361,0.030716,2.9649,-224.0,43.7526,-40837.0,False,0
2024-01-10,91.0,75.0,97.0,9144.0,349.0,2024,1,Jan,Wednesday,False,1.2933,0.038167,2.3723,-258.0,42.3163,-41095.0,False,0
2024-01-11,29.0,51.0,11.0,8829.0,476.0,2024,1,Jan,Thursday,False,0.2157,0.053913,12.175,-447.0,68.5649,-41542.0,False,0
2024-01-15,33.0,53.0,34.0,8033.0,234.0,2024,1,Jan,Monday,False,0.6415,0.02913,4.0,-201.0,75.4315,-41743.0,False,0
2024-01-16,32.0,49.0,39.0,8133.0,188.0,2024,1,Jan,Tuesday,False,0.7959,0.023116,3.1972,-156.0,96.1482,-41899.0,False,0
2024-01-17,80.0,176.0,125.0,8072.0,353.0,2024,1,Jan,Wednesday,False,0.7102,0.043731,2.3317,-273.0,95.2425,-42172.0,False,0
2024-01-18,116.0,188.0,164.0,8042.0,359.0,2024,1,Jan,Thursday,False,0.8723,0.044641,1.8679,-243.0,94.6568,-42415.0,False,0
2024-01-21,105.0,185.0,158.0,7974.0,371.0,2024,1,Jan,Sunday,True,0.8541,0.046526,2.0114,-266.0,94.913,-42681.0,False,0
2024-01-22,136.0,246.0,123.0,8008.0,222.0,2024,1,Jan,Monday,False,0.5,0.027722,1.332,-86.0,103.0982,-42767.0,False,0
2024-01-23,128.0,228.0,177.0,8133.0,202.0,2024,1,Jan,Tuesday,False,0.7763,0.024837,1.2426,-74.0,81.3856,-42841.0,False,0
2024-01-24,90.0,196.0,205.0,8212.0,243.0,2024,1,Jan,Wednesday,False,1.0459,0.029591,1.5186,-153.0,80.6875,-42994.0,False,0
2024-01-25,102.0,189.0,155.0,8180.0,293.0,2024,1,Jan,Thursday,False,0.8201,0.035819,1.7432,-191.0,70.5371,-43185.0,False,0
2024-01-28,120.0,257.0,126.0,8004.0,307.0,2024,1,Jan,Sunday,True,0.4903,0.038356,1.7602,-187.0,65.8805,-43372.0,False,0
2024-01-29,137.0,272.0,166.0,8057.0,195.0,2024,1,Jan,Monday,False,0.6103,0.024203,1.1914,-58.0,64.4423,-43430.0,False,0
2024-01-30,93.0,198.0,208.0,8182.0,187.0,2024,1,Jan,Tuesday,False,1.0505,0.022855,1.3123,-94.0,47.9091,-43524.0,False,0
2024-01-31,203.0,477.0,258.0,8153.0,266.0,2024,1,Jan,Wednesday,False,0.5409,0.032626,1.1367,-63.0,48.7115,-43587.0,False,0
2024-02-01,222.0,459.0,289.0,8026.0,337.0,2024,2,Feb,Thursday,False,0.6296,0.041989,1.225,-115.0,56.4164,-43702.0,False,0
2024-02-04,253.0,531.0,248.0,7813.0,342.0,2024,2,Feb,Sunday,True,0.467,0.043773,1.1776,-89.0,63.1208,-43791.0,False,0
2024-02-05,157.0,466.0,345.0,7872.0,242.0,2024,2,Feb,Monday,False,0.7403,0.030742,1.1693,-85.0,63.6763,-43876.0,False,0
2024-02-06,291.0,455.0,323.0,8045.0,178.0,2024,2,Feb,Tuesday,False,0.7099,0.022126,0.816,113.0,68.9562,-43763.0,True,1
2024-02-07,227.0,453.0,330.0,8160.0,222.0,2024,2,Feb,Wednesday,False,0.7285,0.027206,0.991,5.0,66.0905,-43758.0,True,2
2024-02-08,298.0,499.0,358.0,8188.0,315.0,2024,2,Feb,Thursday,False,0.7174,0.038471,1.0259,-17.0,62.2434,-43775.0,False,0
2024-02-11,205.0,515.0,226.0,8056.0,347.0,2024,2,Feb,Sunday,True,0.4388,0.043073,1.3295,-142.0,68.244,-43917.0,False,0
2024-02-12,213.0,430.0,440.0,8092.0,234.0,2024,2,Feb,Monday,False,1.0233,0.028917,1.0322,-21.0,65.7922,-43938.0,False,0
2024-02-13,227.0,369.0,349.0,8348.0,160.0,2024,2,Feb,Tuesday,False,0.9458,0.019166,0.8837,67.0,67.8672,-43871.0,True,1
2024-02-14,185.0,322.0,272.0,8512.0,230.0,2024,2,Feb,Wednesday,False,0.8447,0.027021,1.0985,-45.0,68.0354,-43916.0,False,0
2024-02-15,333.0,508.0,272.0,8463.0,312.0,2024,2,Feb,Thursday,False,0.5354,0.036866,0.9653,21.0,66.2294,-43895.0,True,1
2024-02-19,249.0,420.0,371.0,8380.0,218.0,2024,2,Feb,Monday,False,0.8833,0.026014,0.95,31.0,66.628,-43864.0,True,2
2024-02-20,149.0,395.0,273.0,8488.0,192.0,2024,2,Feb,Tuesday,False,0.6911,0.02262,1.1019,-43.0,65.743,-43907.0,False,0
2024-02-21,232.0,430.0,318.0,8573.0,231.0,2024,2,Feb,Wednesday,False,0.7395,0.026945,0.9982,1.0,46.6787,-43906.0,True,1
2024-02-22,165.0,400.0,292.0,8607.0,293.0,2024,2,Feb,Thursday,False,0.73,0.034042,1.2801,-128.0,53.3626,-44034.0,False,0
2024-02-25,244.0,482.0,366.0,8404.0,329.0,2024,2,Feb,Sunday,True,0.7593,0.039148,1.1393,-85.0,52.6796,-44119.0,False,0
2024-02-26,199.0,438.0,326.0,8404.0,329.0,2024,2,Feb,Monday,False,0.7443,0.039148,1.2476,-130.0,57.0614,-44249.0,False,0
2024-02-27,197.0,369.0,306.0,8650.0,206.0,2024,2,Feb,Tuesday,False,0.8293,0.023815,1.0179,-9.0,58.7181,-44258.0,False,0
2024-02-28,209.0,447.0,274.0,8699.0,257.0,2024,2,Feb,Wednesday,False,0.613,0.029544,1.0994,-48.0,56.2135,-44306.0,False,0
2024-02-29,262.0,444.0,354.0,8724.0,299.0,2024,2,Feb,Thursday,False,0.7973,0.034273,1.0601,-37.0,47.7867,-44343.0,False,0
2024-03-03,236.0,468.0,347.0,8594.0,354.0,2024,3,Mar,Sunday,True,0.7415,0.041192,1.2024,-118.0,50.2948,-44461.0,False,0
2024-03-04,225.0,509.0,340.0,8660.0,229.0,2024,3,Mar,Monday,False,0.668,0.026443,1.0071,-4.0,56.2448,-44465.0,False,0
2024-03-05,246.0,472.0,345.0,8800.0,214.0,2024,3,Mar,Tuesday,False,0.7309,0.024318,0.9459,32.0,58.3944,-44433.0,True,1
2024-03-06,230.0,457.0,277.0,8870.0,232.0,2024,3,Mar,Wednesday,False,0.6061,0.026156,1.0039,-2.0,53.2648,-44435.0,False,0
2024-03-07,181.0,424.0,328.0,8902.0,305.0,2024,3,Mar,Thursday,False,0.7736,0.034262,1.2436,-124.0,50.9117,-44559.0,False,0
2024-03-10,190.0,368.0,326.0,8714.0,373.0,2024,3,Mar,Sunday,True,0.8859,0.042805,1.3547,-183.0,63.3373,-44742.0,False,0
2024-03-11,178.0,336.0,290.0,8757.0,253.0,2024,3,Mar,Monday,False,0.8631,0.028891,1.1603,-75.0,64.2132,-44817.0,False,0
2024-03-12,154.0,294.0,290.0,8843.0,213.0,2024,3,Mar,Tuesday,False,0.9864,0.024087,1.1329,-59.0,59.0379,-44876.0,False,0
2024-03-13,165.0,358.0,167.0,8819.0,239.0,2024,3,Mar,Wednesday,False,0.4665,0.027101,1.2229,-74.0,58.283,-44950.0,False,0
2024-03-14,166.0,301.0,252.0,8695.0,310.0,2024,3,Mar,Thursday,False,0.8372,0.035653,1.3445,-144.0,56.5715,-45094.0,False,0
2024-03-17,127.0,260.0,259.0,8373.0,342.0,2024,3,Mar,Sunday,True,0.9962,0.040846,1.557,-215.0,57.8985,-45309.0,False,0
2024-03-18,123.0,243.0,188.0,8333.0,283.0,2024,3,Mar,Monday,False,0.7737,0.033961,1.5145,-160.0,57.5901,-45469.0,False,0
2024-03-19,99.0,202.0,256.0,8390.0,197.0,2024,3,Mar,Tuesday,False,1.2673,0.02348,1.2761,-98.0,52.2489,-45567.0,False,0
2024-03-20,91.0,181.0,174.0,8365.0,227.0,2024,3,Mar,Wednesday,False,0.9613,0.027137,1.5132,-136.0,53.9281,-45703.0,False,0
2024-03-21,132.0,261.0,141.0,8292.0,235.0,2024,3,Mar,Thursday,False,0.5402,0.028341,1.3773,-103.0,51.4018,-45806.0,False,0
2024-03-24,124.0,264.0,221.0,7899.0,373.0,2024,3,Mar,Sunday,True,0.8371,0.047221,1.7217,-249.0,64.7019,-46055.0,False,0
2024-03-25,128.0,242.0,224.0,7899.0,229.0,2024,3,Mar,Monday,False,0.9256,0.028991,1.2869,-101.0,65.8834,-46156.0,False,0
2024-03-26,187.0,276.0,200.0,7919.0,208.0,2024,3,Mar,Tuesday,False,0.7246,0.026266,1.0543,-21.0,60.533,-46177.0,False,0
2024-03-27,129.0,287.0,185.0,7893.0,215.0,2024,3,Mar,Wednesday,False,0.6446,0.027239,1.2739,-86.0,59.8606,-46263.0,False,0
2024-03-28,161.0,288.0,248.0,7762.0,360.0,2024,3,Mar,Thursday,False,0.8611,0.04638,1.4866,-199.0,70.7918,-46462.0,False,0
2024-03-31,105.0,254.0,151.0,7257.0,287.0,2024,3,Mar,Sunday,True,0.5945,0.039548,1.7109,-182.0,69.1998,-46644.0,False,0
2024-04-01,109.0,235.0,171.0,7271.0,172.0,2024,4,Apr,Monday,False,0.7277,0.023656,1.225,-63.0,78.3685,-46707.0,False,0
2024-04-02,101.0,230.0,175.0,7340.0,132.0,2024,4,Apr,Tuesday,False,0.7609,0.017984,1.1123,-31.0,75.0777,-46738.0,False,0
2024-04-03,124.0,230.0,190.0,7346.0,163.0,2024,4,Apr,Wednesday,False,0.8261,0.022189,1.1242,-39.0,79.1135,-46777.0,False,0
2024-04-04,95.0,226.0,152.0,7317.0,225.0,2024,4,Apr,Thursday,False,0.6726,0.03075,1.5263,-130.0,78.9599,-46907.0,False,0
2024-04-07,106.0,239.0,233.0,6982.0,279.0,2024,4,Apr,Sunday,True,0.9749,0.03996,1.5103,-173.0,81.673,-47080.0,False,0
2024-04-08,102.0,230.0,167.0,6988.0,199.0,2024,4,Apr,Monday,False,0.7261,0.028477,1.3606,-97.0,58.806,-47177.0,False,0
2024-04-09,118.0,231.0,217.0,7043.0,130.0,2024,4,Apr,Tuesday,False,0.9394,0.018458,1.0358,-12.0,53.4095,-47189.0,False,0
2024-04-10,117.0,244.0,142.0,6999.0,227.0,2024,4,Apr,Wednesday,False,0.582,0.032433,1.4247,-110.0,55.0753,-47299.0,False,0
2024-04-11,183.0,221.0,220.0,6912.0,285.0,2024,4,Apr,Thursday,False,0.9955,0.041233,1.2531,-102.0,56.8972,-47401.0,False,0
2024-04-14,128.0,245.0,243.0,6630.0,290.0,2024,4,Apr,Sunday,True,0.9918,0.043741,1.4367,-162.0,57.6364,-47563.0,False,0
2024-04-15,144.0,303.0,176.0,6681.0,191.0,2024,4,Apr,Monday,False,0.5809,0.028589,1.1469,-47.0,59.8685,-47610.0,False,0
2024-04-16,219.0,392.0,205.0,6685.0,163.0,2024,4,Apr,Tuesday,False,0.523,0.024383,0.8679,56.0,59.6837,-47554.0,True,1
2024-04-17,182.0,371.0,274.0,6725.0,227.0,2024,4,Apr,Wednesday,False,0.7385,0.033755,1.0987,-45.0,59.5943,-47599.0,False,0
2024-04-18,144.0,322.0,258.0,6728.0,260.0,2024,4,Apr,Thursday,False,0.8012,0.038644,1.2886,-116.0,47.2536,-47715.0,False,0
2024-04-21,208.0,380.0,343.0,6745.0,240.0,2024,4,Apr,Sunday,True,0.9026,0.035582,1.0581,-32.0,47.1553,-47747.0,False,0
2024-04-22,176.0,424.0,251.0,6799.0,214.0,2024,4,Apr,Monday,False,0.592,0.031475,1.089,-38.0,42.3983,-47785.0,False,0
2024-04-23,252.0,427.0,307.0,6967.0,134.0,2024,4,Apr,Tuesday,False,0.719,0.019234,0.7889,118.0,44.3675,-47667.0,True,1
2024-04-24,253.0,411.0,307.0,7128.0,154.0,2024,4,Apr,Wednesday,False,0.747,0.021605,0.8232,99.0,48.2301,-47568.0,True,2
2024-04-25,145.0,357.0,333.0,7209.0,217.0,2024,4,Apr,Thursday,False,0.9328,0.030101,1.1506,-72.0,45.7961,-47640.0,False,0
2024-04-28,158.0,349.0,365.0,7298.0,250.0,2024,4,Apr,Sunday,True,1.0458,0.034256,1.1759,-92.0,48.2646,-47732.0,False,0
2024-04-29,140.0,292.0,255.0,7373.0,187.0,2024,4,Apr,Monday,False,0.8733,0.025363,1.119,-47.0,43.2507,-47779.0,False,0
2024-04-30,220.0,443.0,194.0,7431.0,135.0,2024,4,Apr,Tuesday,False,0.4379,0.018167,0.7947,85.0,45.0069,-47694.0,True,1
2024-05-01,197.0,437.0,295.0,7508.0,190.0,2024,5,May,Wednesday,False,0.6751,0.025306,0.9858,7.0,43.2589,-47687.0,True,2
2024-05-02,206.0,411.0,293.0,7577.0,194.0,2024,5,May,Thursday,False,0.7129,0.025604,0.976,12.0,38.0213,-47675.0,True,3
2024-05-05,150.0,315.0,228.0,7447.0,332.0,2024,5,May,Sunday,True,0.7238,0.044582,1.4815,-182.0,62.1396,-47857.0,False,0
2024-05-06,173.0,337.0,211.0,7449.0,205.0,2024,5,May,Monday,False,0.6261,0.02752,1.0833,-32.0,62.2407,-47889.0,False,0
2024-05-07,176.0,334.0,246.0,7566.0,163.0,2024,5,May,Tuesday,False,0.7365,0.021544,0.9692,13.0,62.3737,-47876.0,True,1
2024-05-08,167.0,374.0,205.0,7583.0,202.0,2024,5,May,Wednesday,False,0.5481,0.026639,1.0941,-35.0,62.0752,-47911.0,False,0
2024-05-09,138.0,285.0,268.0,7570.0,244.0,2024,5,May,Thursday,False,0.9404,0.032232,1.2611,-106.0,55.4973,-48017.0,False,0
2024-05-12,138.0,301.0,263.0,7464.0,245.0,2024,5,May,Sunday,True,0.8738,0.032824,1.2668,-107.0,54.6652,-48124.0,False,0
2024-05-13,112.0,331.0,167.0,7499.0,157.0,2024,5,May,Monday,False,0.5045,0.020936,1.1613,-45.0,59.8649,-48169.0,False,0
2024-05-14,246.0,419.0,218.0,7546.0,186.0,2024,5,May,Tuesday,False,0.5203,0.024649,0.8707,60.0,35.127,-48109.0,True,1
2024-05-15,115.0,285.0,341.0,7589.0,265.0,2024,5,May,Wednesday,False,1.1965,0.034919,1.3289,-150.0,42.9241,-48259.0,False,0
2024-05-16,206.0,340.0,214.0,7565.0,234.0,2024,5,May,Thursday,False,0.6294,0.030932,1.0667,-28.0,38.4361,-48287.0,False,0
2024-05-19,143.0,295.0,278.0,7356.0,298.0,2024,5,May,Sunday,True,0.9424,0.040511,1.3682,-155.0,47.4332,-48442.0,False,0
2024-05-20,111.0,268.0,217.0,7368.0,192.0,2024,5,May,Monday,False,0.8097,0.026059,1.247,-81.0,49.4021,-48523.0,False,0
2024-05-21,196.0,348.0,176.0,7404.0,145.0,2024,5,May,Tuesday,False,0.5057,0.019584,0.8629,51.0,56.6745,-48472.0,True,1
2024-05-22,168.0,349.0,272.0,7474.0,208.0,2024,5,May,Wednesday,False,0.7794,0.02783,1.0909,-40.0,51.6292,-48512.0,False,0
2024-05-23,193.0,272.0,314.0,7494.0,227.0,2024,5,May,Thursday,False,1.1544,0.030291,1.0671,-34.0,49.6435,-48546.0,False,0
2024-05-27,156.0,344.0,252.0,7365.0,167.0,2024,5,May,Monday,False,0.7326,0.022675,1.027,-11.0,50.0181,-48557.0,False,0
2024-05-28,153.0,348.0,239.0,7418.0,151.0,2024,5,May,Tuesday,False,0.6868,0.020356,0.9949,2.0,53.1592,-48555.0,True,1
2024-05-29,182.0,462.0,158.0,7491.0,141.0,2024,5,May,Wednesday,False,0.342,0.018823,0.8794,41.0,33.5978,-48514.0,True,2
2024-05-30,167.0,406.0,339.0,7563.0,190.0,2024,5,May,Thursday,False,0.835,0.025122,1.0455,-23.0,33.4458,-48537.0,False,0
2024-06-02,159.0,330.0,322.0,7546.0,306.0,2024,6,Jun,Sunday,True,0.9758,0.040551,1.3056,-147.0,56.3999,-48684.0,False,0
2024-06-03,109.0,244.0,257.0,7596.0,224.0,2024,6,Jun,Monday,False,1.0533,0.029489,1.3142,-115.0,57.1648,-48799.0,False,0
2024-06-04,260.0,356.0,176.0,7565.0,203.0,2024,6,Jun,Tuesday,False,0.4944,0.026834,0.8693,57.0,56.0442,-48742.0,True,1
2024-06-05,173.0,345.0,291.0,7691.0,198.0,2024,6,Jun,Wednesday,False,0.8435,0.025744,1.0539,-25.0,54.4409,-48767.0,False,0
2024-06-06,179.0,326.0,282.0,7741.0,238.0,2024,6,Jun,Thursday,False,0.865,0.030745,1.128,-59.0,50.6975,-48826.0,False,0
2024-06-09,116.0,289.0,166.0,7451.0,312.0,2024,6,Jun,Sunday,True,0.5744,0.041874,1.695,-196.0,50.6975,-49022.0,False,0
2024-06-10,184.0,334.0,229.0,7439.0,212.0,2024,6,Jun,Monday,False,0.6856,0.028498,1.0678,-28.0,47.7718,-49050.0,False,0
2024-06-11,186.0,352.0,224.0,7493.0,156.0,2024,6,Jun,Tuesday,False,0.6364,0.020819,0.9268,30.0,47.8465,-49020.0,True,1
2024-06-12,152.0,266.0,274.0,7548.0,212.0,2024,6,Jun,Wednesday,False,1.0301,0.028087,1.1408,-60.0,47.9121,-49080.0,False,0
2024-06-13,167.0,293.0,230.0,7544.0,259.0,2024,6,Jun,Thursday,False,0.785,0.034332,1.2317,-92.0,49.4999,-49172.0,False,0
2024-06-16,204.0,315.0,233.0,7307.0,294.0,2024,6,Jun,Sunday,True,0.7397,0.040235,1.2059,-90.0,53.3662,-49262.0,False,0
2024-06-17,159.0,310.0,272.0,7318.0,224.0,2024,6,Jun,Monday,False,0.8774,0.030609,1.1508,-65.0,53.7335,-49327.0,False,0
2024-06-18,160.0,297.0,253.0,7340.0,214.0,2024,6,Jun,Tuesday,False,0.8519,0.029155,1.1308,-54.0,43.0808,-49381.0,False,0
2024-06-19,204.0,321.0,246.0,7433.0,198.0,2024,6,Jun,Wednesday,False,0.7664,0.026638,0.9867,6.0,44.0676,-49375.0,True,1
2024-06-20,145.0,247.0,243.0,7431.0,235.0,2024,6,Jun,Thursday,False,0.9838,0.031624,1.232,-90.0,32.9278,-49465.0,False,0
2024-06-23,102.0,227.0,201.0,7247.0,294.0,2024,6,Jun,Sunday,True,0.8855,0.040569,1.6337,-192.0,38.0957,-49657.0,False,0
2024-06-24,116.0,175.0,172.0,7239.0,202.0,2024,6,Jun,Monday,False,0.9829,0.027904,1.2986,-86.0,40.7133,-49743.0,False,0
2024-06-25,172.0,263.0,191.0,7239.0,202.0,2024,6,Jun,Tuesday,False,0.7262,0.027904,1.0826,-30.0,33.5779,-49773.0,False,0
2024-06-26,132.0,235.0,197.0,7268.0,187.0,2024,6,Jun,Wednesday,False,0.8383,0.025729,1.1672,-55.0,36.3979,-49828.0,False,0
2024-06-27,174.0,208.0,256.0,7248.0,268.0,2024,6,Jun,Thursday,False,1.2308,0.036976,1.2186,-94.0,40.6688,-49922.0,False,0
2024-06-30,123.0,230.0,167.0,6874.0,273.0,2024,6,Jun,Sunday,True,0.7261,0.039715,1.5172,-150.0,41.7521,-50072.0,False,0
2024-07-01,123.0,233.0,159.0,6825.0,229.0,2024,7,Jul,Monday,False,0.6824,0.033553,1.3759,-106.0,41.8683,-50178.0,False,0
2024-07-02,141.0,232.0,188.0,6823.0,184.0,2024,7,Jul,Tuesday,False,0.8103,0.026968,1.1307,-43.0,37.0212,-50221.0,False,0
2024-07-04,158.0,226.0,191.0,6790.0,225.0,2024,7,Jul,Thursday,False,0.8451,0.033137,1.192,-67.0,36.0925,-50288.0,False,0
2024-07-07,96.0,160.0,233.0,6599.0,213.0,2024,7,Jul,Sunday,True,1.4562,0.032278,1.3556,-117.0,35.2035,-50405.0,False,0
2024-07-08,141.0,173.0,129.0,6617.0,123.0,2024,7,Jul,Monday,False,0.7457,0.018588,0.9333,18.0,51.4518,-50387.0,True,1
2024-07-09,116.0,181.0,182.0,6651.0,130.0,2024,7,Jul,Tuesday,False,1.0055,0.019546,1.047,-14.0,54.7318,-50401.0,False,0
2024-07-10,150.0,157.0,201.0,6649.0,177.0,2024,7,Jul,Wednesday,False,1.2803,0.026621,1.0769,-27.0,43.2551,-50428.0,False,0
2024-07-11,80.0,176.0,125.0,6640.0,197.0,2024,7,Jul,Thursday,False,0.7102,0.029669,1.5707,-117.0,39.072,-50545.0,False,0
2024-07-14,116.0,188.0,164.0,6308.0,237.0,2024,7,Jul,Sunday,True,0.8723,0.037571,1.4321,-121.0,45.0148,-50666.0,False,0
2024-07-15,105.0,185.0,158.0,6283.0,171.0,2024,7,Jul,Monday,False,0.8541,0.027216,1.251,-66.0,41.7242,-50732.0,False,0
2024-07-16,136.0,246.0,123.0,6239.0,173.0,2024,7,Jul,Tuesday,False,0.5,0.027729,1.1429,-37.0,38.8152,-50769.0,False,0
2024-07-17,128.0,228.0,177.0,6228.0,187.0,2024,7,Jul,Wednesday,False,0.7763,0.030026,1.1934,-59.0,32.1596,-50828.0,False,0
2024-07-21,90.0,196.0,205.0,6058.0,262.0,2024,7,Jul,Sunday,True,1.0459,0.043249,1.5831,-172.0,35.3264,-51000.0,False,0
2024-07-22,102.0,189.0,155.0,6002.0,234.0,2024,7,Jul,Monday,False,0.8201,0.038987,1.5136,-132.0,35.5561,-51132.0,False,0
2024-07-23,120.0,257.0,126.0,5965.0,170.0,2024,7,Jul,Tuesday,False,0.4903,0.0285,1.2033,-50.0,38.3902,-51182.0,False,0
2024-07-24,137.0,272.0,166.0,5927.0,177.0,2024,7,Jul,Wednesday,False,0.6103,0.029863,1.132,-40.0,36.6775,-51222.0,False,0
2024-07-25,93.0,198.0,208.0,5954.0,194.0,2024,7,Jul,Thursday,False,1.0505,0.032583,1.3355,-101.0,35.0279,-51323.0,False,0
2024-07-28,152.0,290.0,199.0,5743.0,207.0,2024,7,Jul,Sunday,True,0.6862,0.036044,1.1567,-55.0,33.0296,-51378.0,False,0
2024-07-29,114.0,210.0,219.0,5819.0,163.0,2024,7,Jul,Monday,False,1.0429,0.028012,1.1471,-49.0,36.2307,-51427.0,False,0
2024-07-30,125.0,203.0,208.0,5930.0,92.0,2024,7,Jul,Tuesday,False,1.0246,0.015514,0.9009,33.0,44.5485,-51394.0,True,1
2024-07-31,140.0,261.0,163.0,5963.0,154.0,2024,7,Jul,Wednesday,False,0.6245,0.025826,1.0462,-14.0,37.0302,-51408.0,False,0
2024-08-01,227.0,298.0,212.0,6016.0,169.0,2024,8,Aug,Thursday,False,0.7114,0.028092,0.8679,58.0,37.0109,-51350.0,True,1
2024-08-04,63.0,167.0,143.0,5943.0,170.0,2024,8,Aug,Sunday,True,0.8563,0.028605,1.5194,-107.0,36.7307,-51457.0,False,0
2024-08-05,172.0,259.0,138.0,5950.0,150.0,2024,8,Aug,Monday,False,0.5328,0.02521,0.929,22.0,34.4646,-51435.0,True,1
2024-08-06,163.0,283.0,200.0,5998.0,143.0,2024,8,Aug,Tuesday,False,0.7067,0.023841,0.9449,20.0,26.9179,-51415.0,True,2
2024-08-07,135.0,273.0,207.0,6038.0,174.0,2024,8,Aug,Wednesday,False,0.7582,0.028817,1.114,-39.0,28.1822,-51454.0,False,0
2024-08-08,119.0,230.0,213.0,6084.0,174.0,2024,8,Aug,Thursday,False,0.9261,0.0286,1.1657,-55.0,12.7148,-51509.0,False,0
2024-08-11,95.0,211.0,140.0,5894.0,249.0,2024,8,Aug,Sunday,True,0.6635,0.042246,1.6553,-154.0,34.6066,-51663.0,False,0
2024-08-12,109.0,219.0,155.0,5903.0,148.0,2024,8,Aug,Monday,False,0.7078,0.025072,1.1477,-39.0,36.1472,-51702.0,False,0
2024-08-13,162.0,239.0,189.0,5981.0,123.0,2024,8,Aug,Tuesday,False,0.7908,0.020565,0.8889,39.0,40.7735,-51663.0,True,1
2024-08-14,109.0,226.0,191.0,5987.0,178.0,2024,8,Aug,Wednesday,False,0.8451,0.029731,1.23,-69.0,40.3296,-51732.0,False,0
2024-08-15,124.0,241.0,156.0,5895.0,220.0,2024,8,Aug,Thursday,False,0.6473,0.03732,1.3429,-96.0,42.2391,-51828.0,False,0
2024-08-18,86.0,244.0,235.0,5821.0,178.0,2024,8,Aug,Sunday,True,0.9631,0.030579,1.2866,-92.0,42.1579,-51920.0,False,0
2024-08-19,176.0,254.0,162.0,5865.0,158.0,2024,8,Aug,Monday,False,0.6378,0.026939,0.9467,18.0,43.052,-51902.0,True,1
2024-08-20,136.0,274.0,245.0,5995.0,112.0,2024,8,Aug,Tuesday,False,0.8942,0.018682,0.937,24.0,36.669,-51878.0,True,2
2024-08-21,134.0,245.0,167.0,6028.0,156.0,2024,8,Aug,Wednesday,False,0.6816,0.025879,1.0731,-22.0,36.3718,-51900.0,False,0
2024-08-22,182.0,307.0,205.0,6054.0,171.0,2024,8,Aug,Thursday,False,0.6678,0.028246,0.9716,11.0,32.3824,-51889.0,True,1
2024-08-27,149.0,285.0,222.0,6152.0,97.0,2024,8,Aug,Tuesday,False,0.7789,0.015767,0.8598,52.0,41.2836,-51837.0,True,2
2024-08-28,170.0,285.0,178.0,6227.0,134.0,2024,8,Aug,Wednesday,False,0.6246,0.021519,0.8966,36.0,30.4342,-51801.0,True,3
2024-08-29,145.0,295.0,188.0,6250.0,169.0,2024,8,Aug,Thursday,False,0.6373,0.02704,1.0721,-24.0,28.8955,-51825.0,False,0
2024-09-02,133.0,270.0,198.0,6192.0,129.0,2024,9,Sep,Monday,False,0.7333,0.020833,0.9879,4.0,28.365,-51821.0,True,1
2024-09-03,131.0,263.0,177.0,6272.0,112.0,2024,9,Sep,Tuesday,False,0.673,0.017857,0.9383,19.0,28.365,-51802.0,True,2
2024-09-04,121.0,231.0,219.0,6375.0,114.0,2024,9,Sep,Wednesday,False,0.9481,0.017882,0.9794,7.0,28.4354,-51795.0,True,3
2024-09-05,126.0,230.0,175.0,6448.0,121.0,2024,9,Sep,Thursday,False,0.7609,0.018766,0.9834,5.0,22.8139,-51790.0,True,4
2024-09-08,123.0,255.0,164.0,6312.0,221.0,2024,9,Sep,Sunday,True,0.6431,0.035013,1.3415,-98.0,39.4184,-51888.0,False,0
2024-09-09,144.0,275.0,190.0,6353.0,141.0,2024,9,Sep,Monday,False,0.6909,0.022194,0.991,3.0,39.2447,-51885.0,True,1
2024-09-10,131.0,251.0,180.0,6396.0,148.0,2024,9,Sep,Tuesday,False,0.7171,0.023139,1.0547,-17.0,37.7775,-51902.0,False,0
2024-09-11,93.0,248.0,175.0,6410.0,162.0,2024,9,Sep,Wednesday,False,0.7056,0.025273,1.2575,-69.0,38.1089,-51971.0,False,0
2024-09-12,184.0,280.0,210.0,6360.0,220.0,2024,9,Sep,Thursday,False,0.75,0.034591,1.0914,-36.0,43.7035,-52007.0,False,0
2024-09-13,81.0,200.0,212.0,6326.0,279.0,2024,9,Sep,Friday,False,1.06,0.044104,1.6758,-198.0,56.6947,-52205.0,False,0
2024-09-15,98.0,220.0,167.0,6234.0,210.0,2024,9,Sep,Sunday,True,0.7591,0.033686,1.4226,-112.0,49.5974,-52317.0,False,0
2024-09-16,113.0,209.0,160.0,6229.0,164.0,2024,9,Sep,Monday,False,0.7656,0.026328,1.1868,-51.0,49.7341,-52368.0,False,0
2024-09-17,159.0,304.0,139.0,6227.0,160.0,2024,9,Sep,Tuesday,False,0.4572,0.025695,1.0034,-1.0,47.1184,-52369.0,False,0
2024-09-18,116.0,213.0,217.0,6245.0,149.0,2024,9,Sep,Wednesday,False,1.0188,0.023859,1.0991,-33.0,46.9645,-52402.0,False,0
2024-09-19,93.0,196.0,169.0,6270.0,188.0,2024,9,Sep,Thursday,False,0.8622,0.029984,1.3626,-95.0,45.1911,-52497.0,False,0
2024-09-22,124.0,234.0,161.0,5989.0,197.0,2024,9,Sep,Sunday,True,0.688,0.032894,1.2561,-73.0,43.9502,-52570.0,False,0
2024-09-23,92.0,203.0,173.0,6002.0,165.0,2024,9,Sep,Monday,False,0.8522,0.027491,1.2755,-73.0,22.3266,-52643.0,False,0
2024-09-24,186.0,259.0,172.0,6023.0,143.0,2024,9,Sep,Tuesday,False,0.6641,0.023742,0.8799,43.0,19.5862,-52600.0,True,1
2024-09-25,154.0,225.0,220.0,6050.0,169.0,2024,9,Sep,Wednesday,False,0.9778,0.027934,1.0401,-15.0,19.568,-52615.0,False,0
2024-09-26,91.0,199.0,172.0,6090.0,185.0,2024,9,Sep,Thursday,False,0.8643,0.030378,1.3574,-94.0,20.2849,-52709.0,False,0
2024-09-29,81.0,213.0,153.0,5925.0,177.0,2024,9,Sep,Sunday,True,0.7183,0.029873,1.4103,-96.0,17.8739,-52805.0,False,0
2024-09-30,209.0,285.0,184.0,5967.0,138.0,2024,9,Sep,Monday,False,0.6456,0.023127,0.8193,71.0,21.3909,-52734.0,True,1
2024-10-01,184.0,314.0,217.0,6040.0,137.0,2024,10,Oct,Tuesday,False,0.6911,0.022682,0.8828,47.0,19.6505,-52687.0,True,2
2024-10-02,107.0,215.0,230.0,6091.0,173.0,2024,10,Oct,Wednesday,False,1.0698,0.028403,1.1958,-66.0,20.2708,-52753.0,False,0
2024-10-03,101.0,162.0,178.0,6118.0,193.0,2024,10,Oct,Thursday,False,1.0988,0.031546,1.3297,-92.0,21.9078,-52845.0,False,0
2024-10-07,99.0,190.0,176.0,5968.0,153.0,2024,10,Oct,Monday,False,0.9263,0.025637,1.1964,-54.0,22.542,-52899.0,False,0
2024-10-08,167.0,239.0,166.0,6013.0,123.0,2024,10,Oct,Tuesday,False,0.6946,0.020456,0.8679,44.0,25.4343,-52855.0,True,1
2024-10-09,115.0,216.0,169.0,6047.0,137.0,2024,10,Oct,Wednesday,False,0.7824,0.022656,1.0775,-22.0,24.4803,-52877.0,False,0
2024-10-10,84.0,158.0,193.0,6075.0,159.0,2024,10,Oct,Thursday,False,1.2215,0.026173,1.2708,-75.0,23.9643,-52952.0,False,0
2024-10-13,130.0,227.0,192.0,5889.0,210.0,2024,10,Oct,Sunday,True,0.8458,0.03566,1.2484,-80.0,30.5341,-53032.0,False,0
2024-10-14,88.0,214.0,160.0,5935.0,106.0,2024,10,Oct,Monday,False,0.7477,0.01786,1.0726,-18.0,37.0489,-53050.0,False,0
2024-10-15,113.0,208.0,159.0,6013.0,107.0,2024,10,Oct,Tuesday,False,0.7644,0.017795,0.9779,6.0,36.3796,-53044.0,True,1
2024-10-16,174.0,285.0,150.0,6036.0,129.0,2024,10,Oct,Wednesday,False,0.5263,0.021372,0.8611,45.0,36.3167,-52999.0,True,2
2024-10-17,104.0,230.0,206.0,6076.0,160.0,2024,10,Oct,Thursday,False,0.8957,0.026333,1.1806,-56.0,36.341,-53055.0,False,0
2024-10-20,147.0,276.0,214.0,5918.0,195.0,2024,10,Oct,Sunday,True,0.7754,0.03295,1.133,-48.0,40.8155,-53103.0,False,0
2024-10-21,108.0,220.0,213.0,5966.0,154.0,2024,10,Oct,Monday,False,0.9682,0.025813,1.1433,-46.0,40.7221,-53149.0,False,0
2024-10-22,180.0,280.0,146.0,6043.0,109.0,2024,10,Oct,Tuesday,False,0.5214,0.018037,0.7822,71.0,33.8892,-53078.0,True,1
2024-10-23,134.0,294.0,186.0,6077.0,138.0,2024,10,Oct,Wednesday,False,0.6327,0.022709,1.0125,-4.0,31.0253,-53082.0,False,0
2024-10-27,202.0,313.0,158.0,5974.0,192.0,2024,10,Oct,Sunday,True,0.5048,0.032139,0.9722,10.0,31.7985,-53072.0,True,1
2024-10-28,110.0,272.0,193.0,6008.0,156.0,2024,10,Oct,Monday,False,0.7096,0.025965,1.1518,-46.0,29.8592,-53118.0,False,0
2024-10-29,166.0,277.0,229.0,6106.0,126.0,2024,10,Oct,Tuesday,False,0.8267,0.020635,0.8987,40.0,32.1062,-53078.0,True,1
2024-10-30,136.0,276.0,178.0,6149.0,160.0,2024,10,Oct,Wednesday,False,0.6449,0.02602,1.0764,-24.0,26.7235,-53102.0,False,0
2024-10-31,87.0,246.0,173.0,6148.0,177.0,2024,10,Oct,Thursday,False,0.7033,0.02879,1.3462,-90.0,28.9277,-53192.0,False,0
2024-11-03,84.0,171.0,157.0,5990.0,184.0,2024,11,Nov,Sunday,True,0.9181,0.030718,1.4149,-100.0,24.2242,-53292.0,False,0
2024-11-04,167.0,209.0,157.0,6007.0,132.0,2024,11,Nov,Monday,False,0.7512,0.021974,0.892,35.0,25.2916,-53257.0,True,1
2024-11-05,109.0,245.0,159.0,6045.0,126.0,2024,11,Nov,Tuesday,False,0.649,0.020844,1.0634,-17.0,24.0822,-53274.0,False,0
2024-11-06,156.0,256.0,176.0,6086.0,137.0,2024,11,Nov,Wednesday,False,0.6875,0.022511,0.9428,19.0,24.5658,-53255.0,True,1
2024-11-07,125.0,232.0,192.0,6084.0,177.0,2024,11,Nov,Thursday,False,0.8276,0.029093,1.164,-52.0,24.2173,-53307.0,False,0
2024-11-11,118.0,139.0,168.0,5963.0,145.0,2024,11,Nov,Monday,False,1.2086,0.024317,1.0944,-27.0,24.4813,-53334.0,False,0
2024-11-12,142.0,235.0,139.0,5975.0,138.0,2024,11,Nov,Tuesday,False,0.5915,0.023096,0.9858,4.0,22.7512,-53330.0,True,1
2024-11-13,148.0,245.0,175.0,5966.0,151.0,2024,11,Nov,Wednesday,False,0.7143,0.02531,1.0093,-3.0,16.79,-53333.0,False,0
2024-11-14,119.0,219.0,210.0,6025.0,172.0,2024,11,Nov,Thursday,False,0.9589,0.028548,1.1611,-53.0,18.8225,-53386.0,False,0
2024-11-17,105.0,210.0,149.0,5816.0,195.0,2024,11,Nov,Sunday,True,0.7095,0.033528,1.3543,-90.0,22.2614,-53476.0,False,0
2024-11-18,143.0,203.0,163.0,5819.0,138.0,2024,11,Nov,Monday,False,0.803,0.023715,0.9837,5.0,22.0972,-53471.0,True,1
2024-11-19,119.0,209.0,152.0,5844.0,146.0,2024,11,Nov,Tuesday,False,0.7273,0.024983,1.0996,-27.0,21.0713,-53498.0,False,0
2024-11-20,155.0,212.0,181.0,5879.0,148.0,2024,11,Nov,Wednesday,False,0.8538,0.025174,0.9792,7.0,20.8635,-53491.0,True,1
2024-11-21,109.0,214.0,173.0,5850.0,210.0,2024,11,Nov,Thursday,False,0.8084,0.035897,1.3582,-101.0,27.524,-53592.0,False,0
2024-11-24,191.0,283.0,192.0,5664.0,207.0,2024,11,Nov,Sunday,True,0.6784,0.036547,1.0418,-16.0,30.5107,-53608.0,False,0
2024-11-25,170.0,297.0,196.0,5715.0,129.0,2024,11,Nov,Monday,False,0.6599,0.022572,0.888,41.0,34.923,-53567.0,True,1
2024-11-26,152.0,272.0,214.0,5826.0,112.0,2024,11,Nov,Tuesday,False,0.7868,0.019224,0.8907,40.0,38.0119,-53527.0,True,2
2024-11-27,239.0,367.0,224.0,5862.0,211.0,2024,11,Nov,Wednesday,False,0.6104,0.035995,0.9395,28.0,42.1324,-53499.0,True,3
2024-11-28,113.0,280.0,237.0,5963.0,143.0,2024,11,Nov,Thursday,False,0.8464,0.023981,1.0857,-30.0,42.386,-53529.0,False,0
2024-12-01,196.0,306.0,187.0,5986.0,149.0,2024,12,Dec,Sunday,True,0.6111,0.024891,0.8773,47.0,42.318,-53482.0,True,1
2024-12-02,236.0,330.0,222.0,6061.0,115.0,2024,12,Dec,Monday,False,0.6727,0.018974,0.7358,121.0,41.0151,-53361.0,True,2
2024-12-03,81.0,230.0,242.0,6192.0,107.0,2024,12,Dec,Tuesday,False,1.0522,0.01728,1.0805,-26.0,35.8748,-53387.0,False,0
2024-12-04,118.0,245.0,160.0,6269.0,115.0,2024,12,Dec,Wednesday,False,0.6531,0.018344,0.9892,3.0,36.8375,-53384.0,True,1
2024-12-05,218.0,283.0,208.0,6310.0,150.0,2024,12,Dec,Thursday,False,0.735,0.023772,0.8404,68.0,35.4864,-53316.0,True,2
2024-12-08,132.0,243.0,183.0,6286.0,172.0,2024,12,Dec,Sunday,True,0.7531,0.027362,1.127,-40.0,23.9195,-53356.0,False,0
2024-12-09,224.0,315.0,152.0,6268.0,174.0,2024,12,Dec,Monday,False,0.4825,0.02776,0.867,50.0,27.9864,-53306.0,True,1
2024-12-10,167.0,326.0,213.0,6310.0,149.0,2024,12,Dec,Tuesday,False,0.6534,0.023613,0.9526,18.0,27.9864,-53288.0,True,2
2024-12-11,209.0,353.0,232.0,6402.0,152.0,2024,12,Dec,Wednesday,False,0.6572,0.023743,0.8707,57.0,25.8254,-53231.0,True,3
2024-12-12,153.0,253.0,286.0,6481.0,194.0,2024,12,Dec,Thursday,False,1.1304,0.029934,1.0934,-41.0,25.0932,-53272.0,False,0
2024-12-15,180.0,337.0,219.0,6408.0,224.0,2024,12,Dec,Sunday,True,0.6499,0.034956,1.1103,-44.0,27.6517,-53316.0,False,0
2024-12-16,133.0,287.0,189.0,6454.0,149.0,2024,12,Dec,Monday,False,0.6585,0.023086,1.0497,-16.0,27.796,-53332.0,False,0
2024-12-17,187.0,310.0,247.0,6506.0,151.0,2024,12,Dec,Tuesday,False,0.7968,0.023209,0.9171,36.0,29.0795,-53296.0,True,1
2024-12-18,168.0,285.0,210.0,6598.0,134.0,2024,12,Dec,Wednesday,False,0.7368,0.020309,0.9101,34.0,32.0402,-53262.0,True,2
2024-12-19,269.0,412.0,204.0,6600.0,238.0,2024,12,Dec,Thursday,False,0.4951,0.036061,0.9345,31.0,41.1333,-53231.0,True,3
2024-12-22,100.0,255.0,236.0,6595.0,268.0,2024,12,Dec,Sunday,True,0.9255,0.040637,1.5,-168.0,51.2933,-53399.0,False,0
2024-12-23,205.0,294.0,177.0,6548.0,231.0,2024,12,Dec,Monday,False,0.602,0.035278,1.0681,-26.0,53.1655,-53425.0,False,0
2024-12-24,161.0,304.0,211.0,6622.0,155.0,2024,12,Dec,Tuesday,False,0.6941,0.023407,0.9839,6.0,54.206,-53419.0,True,1
2024-12-25,57.0,162.0,193.0,6689.0,107.0,2024,12,Dec,Wednesday,False,1.1914,0.015996,1.2,-50.0,61.2885,-53469.0,False,0
2024-12-26,80.0,122.0,152.0,6707.0,135.0,2024,12,Dec,Thursday,False,1.2459,0.020128,1.2371,-55.0,62.9747,-53524.0,False,0
2024-12-29,107.0,170.0,133.0,6465.0,216.0,2024,12,Dec,Sunday,True,0.7824,0.033411,1.4542,-109.0,60.3143,-53633.0,False,0
2024-12-30,99.0,156.0,139.0,6454.0,177.0,2024,12,Dec,Monday,False,0.891,0.027425,1.3277,-78.0,57.0217,-53711.0,False,0
2025-01-01,25.0,66.0,94.0,6405.0,144.0,2025,1,Jan,Wednesday,False,1.4242,0.022482,2.0,-119.0,44.5191,-53830.0,False,0
2025-01-02,35.0,70.0,53.0,6292.0,170.0,2025,1,Jan,Thursday,False,0.7571,0.027018,2.5341,-135.0,34.6493,-53965.0,False,0
2025-01-05,43.0,73.0,64.0,5882.0,185.0,2025,1,Jan,Sunday,True,0.8767,0.031452,2.3271,-142.0,36.0832,-54107.0,False,0
2025-01-06,41.0,60.0,71.0,5769.0,190.0,2025,1,Jan,Monday,False,1.1833,0.032935,2.3304,-149.0,27.6492,-54256.0,False,0
2025-01-07,65.0,83.0,65.0,5703.0,133.0,2025,1,Jan,Tuesday,False,0.7831,0.023321,1.5231,-68.0,28.1239,-54324.0,False,0
2025-01-08,38.0,80.0,82.0,5605.0,184.0,2025,1,Jan,Wednesday,False,1.025,0.032828,2.2167,-146.0,22.0151,-54470.0,False,0
2025-01-09,56.0,82.0,68.0,5507.0,164.0,2025,1,Jan,Thursday,False,0.8293,0.02978,1.871,-108.0,21.7748,-54578.0,False,0
2025-01-12,74.0,103.0,80.0,5092.0,235.0,2025,1,Jan,Sunday,True,0.7767,0.046151,2.0455,-161.0,30.9054,-54739.0,False,0
2025-01-13,68.0,107.0,102.0,5019.0,181.0,2025,1,Jan,Monday,False,0.9533,0.036063,1.6647,-113.0,30.5817,-54852.0,False,0
2025-01-14,92.0,124.0,93.0,4957.0,139.0,2025,1,Jan,Tuesday,False,0.75,0.028041,1.2541,-47.0,34.4549,-54899.0,False,0
2025-01-15,113.0,162.0,107.0,4903.0,164.0,2025,1,Jan,Wednesday,False,0.6605,0.033449,1.2318,-51.0,33.9846,-54950.0,False,0
2025-01-16,106.0,196.0,131.0,4881.0,159.0,2025,1,Jan,Thursday,False,0.6684,0.032575,1.2236,-53.0,30.3064,-55003.0,False,0
2025-01-19,86.0,152.0,168.0,4628.0,176.0,2025,1,Jan,Sunday,True,1.1053,0.038029,1.3543,-90.0,30.0666,-55093.0,False,0
2025-01-20,84.0,118.0,136.0,4638.0,127.0,2025,1,Jan,Monday,False,1.1525,0.027382,1.1955,-43.0,34.9701,-55136.0,False,0
2025-01-21,59.0,64.0,117.0,4728.0,54.0,2025,1,Jan,Tuesday,False,1.8281,0.011421,0.9716,5.0,43.6327,-55131.0,True,1
2025-01-22,62.0,97.0,52.0,4717.0,83.0,2025,1,Jan,Wednesday,False,0.5361,0.017596,1.1842,-21.0,45.0534,-55152.0,False,0
2025-01-23,91.0,75.0,97.0,4621.0,174.0,2025,1,Jan,Thursday,False,1.2933,0.037654,1.4415,-83.0,48.199,-55235.0,False,0
2025-01-26,29.0,51.0,11.0,4241.0,182.0,2025,1,Jan,Sunday,True,0.2157,0.042914,4.825,-153.0,50.5004,-55388.0,False,0
2025-01-27,33.0,53.0,34.0,4161.0,127.0,2025,1,Jan,Monday,False,0.6415,0.030522,2.403,-94.0,49.5561,-55482.0,False,0
2025-01-28,32.0,49.0,39.0,4096.0,101.0,2025,1,Jan,Tuesday,False,0.7959,0.024658,1.9718,-69.0,46.4307,-55551.0,False,0
2025-01-29,32.0,50.0,39.0,4036.0,99.0,2025,1,Jan,Wednesday,False,0.78,0.024529,1.9437,-67.0,47.0441,-55618.0,False,0
2025-01-30,47.0,42.0,47.0,3923.0,159.0,2025,1,Jan,Thursday,False,1.119,0.04053,2.1915,-112.0,39.7258,-55730.0,False,0
2025-02-02,20.0,22.0,41.0,3483.0,168.0,2025,2,Feb,Sunday,True,1.8636,0.048234,3.4262,-148.0,34.8985,-55878.0,False,0
2025-02-03,23.0,45.0,11.0,3403.0,102.0,2025,2,Feb,Monday,False,0.2444,0.029974,3.3235,-79.0,35.2893,-55957.0,False,0
2025-02-04,34.0,54.0,29.0,3359.0,74.0,2025,2,Feb,Tuesday,False,0.537,0.02203,1.6349,-40.0,34.4038,-55997.0,False,0
2025-02-05,26.0,36.0,36.0,3290.0,104.0,2025,2,Feb,Wednesday,False,1.0,0.031611,2.2581,-78.0,34.5626,-56075.0,False,0
2025-02-06,25.0,32.0,27.0,3181.0,145.0,2025,2,Feb,Thursday,False,0.8438,0.045583,3.3077,-120.0,35.5193,-56195.0,False,0
2025-02-09,15.0,13.0,23.0,2878.0,99.0,2025,2,Feb,Sunday,True,1.7692,0.034399,3.2105,-84.0,35.5193,-56279.0,False,0
2025-02-10,16.0,18.0,15.0,2834.0,63.0,2025,2,Feb,Monday,False,0.8333,0.02223,2.5161,-47.0,37.1548,-56326.0,False,0
2025-02-11,11.0,22.0,12.0,2799.0,50.0,2025,2,Feb,Tuesday,False,0.5455,0.017864,2.6957,-39.0,31.686,-56365.0,False,0
2025-02-12,16.0,20.0,20.0,2752.0,66.0,2025,2,Feb,Wednesday,False,1.0,0.023983,2.3889,-50.0,32.5137,-56415.0,False,0
2025-02-13,15.0,10.0,23.0,2703.0,72.0,2025,2,Feb,Thursday,False,2.3,0.026637,2.5,-57.0,32.6438,-56472.0,False,0
2025-02-17,8.0,17.0,14.0,2532.0,15.0,2025,2,Feb,Monday,False,0.8235,0.005924,1.3182,-7.0,40.6261,-56479.0,False,0
2025-02-18,18.0,19.0,11.0,2536.0,9.0,2025,2,Feb,Tuesday,False,0.5789,0.003549,0.6897,9.0,31.9732,-56470.0,True,1
2025-02-19,12.0,17.0,17.0,2528.0,19.0,2025,2,Feb,Wednesday,False,1.0,0.007516,1.2414,-7.0,26.8576,-56477.0,False,0
2025-02-20,13.0,25.0,15.0,2520.0,32.0,2025,2,Feb,Thursday,False,0.6,0.012698,1.6786,-19.0,25.3302,-56496.0,False,0
2025-02-23,7.0,16.0,8.0,2423.0,35.0,2025,2,Feb,Sunday,True,0.5,0.014445,2.8667,-28.0,24.7309,-56524.0,False,0
2025-02-24,20.0,22.0,14.0,2413.0,24.0,2025,2,Feb,Monday,False,0.6364,0.009946,1.1176,-4.0,20.8715,-56528.0,False,0
2025-02-25,11.0,7.0,7.0,2413.0,23.0,2025,2,Feb,Tuesday,False,1.0,0.009532,1.6667,-12.0,9.1261,-56540.0,False,0
2025-02-26,12.0,21.0,1.0,2411.0,23.0,2025,2,Feb,Wednesday,False,0.0476,0.00954,1.8462,-11.0,8.5217,-56551.0,False,0
2025-02-27,10.0,15.0,17.0,2391.0,37.0,2025,2,Feb,Thursday,False,1.1333,0.015475,2.0,-27.0,6.9727,-56578.0,False,0
2025-03-02,12.0,24.0,4.0,2297.0,31.0,2025,3,Mar,Sunday,True,0.1667,0.013496,2.1875,-19.0,5.908,-56597.0,False,0
2025-03-03,8.0,29.0,18.0,2287.0,25.0,2025,3,Mar,Monday,False,0.6207,0.010931,1.6538,-17.0,5.9642,-56614.0,False,0
2025-03-04,4.0,25.0,10.0,2272.0,30.0,2025,3,Mar,Tuesday,False,0.4,0.013204,2.8571,-26.0,5.287,-56640.0,False,0
2025-03-05,5.0,20.0,4.0,2238.0,40.0,2025,3,Mar,Wednesday,False,0.2,0.017873,4.8889,-35.0,6.7436,-56675.0,False,0
2025-03-06,7.0,27.0,6.0,2218.0,33.0,2025,3,Mar,Thursday,False,0.2222,0.014878,3.0,-26.0,6.0749,-56701.0,False,0
2025-03-09,12.0,25.0,15.0,2137.0,30.0,2025,3,Mar,Sunday,True,0.6,0.014038,1.6667,-18.0,4.957,-56719.0,False,0
2025-03-10,6.0,28.0,8.0,2125.0,23.0,2025,3,Mar,Monday,False,0.2857,0.010824,2.2143,-17.0,5.5291,-56736.0,False,0
2025-03-11,3.0,11.0,7.0,2116.0,20.0,2025,3,Mar,Tuesday,False,0.6364,0.009452,2.7,-17.0,6.7259,-56753.0,False,0
2025-03-12,6.0,18.0,2.0,2113.0,8.0,2025,3,Mar,Wednesday,False,0.1111,0.003786,1.25,-2.0,10.3717,-56755.0,False,0
2025-03-13,4.0,20.0,9.0,2116.0,6.0,2025,3,Mar,Thursday,False,0.45,0.002836,1.1538,-2.0,12.6548,-56757.0,False,0
2025-03-16,1.0,9.0,8.0,2117.0,5.0,2025,3,Mar,Sunday,True,0.8889,0.002362,1.4444,-4.0,11.6251,-56761.0,False,0
2025-03-17,5.0,14.0,0.0,2111.0,8.0,2025,3,Mar,Monday,False,0.0,0.00379,1.6,-3.0,9.9115,-56764.0,False,0
2025-03-18,19.0,34.0,6.0,2109.0,8.0,2025,3,Mar,Tuesday,False,0.1765,0.003793,0.56,11.0,7.221,-56753.0,True,1
2025-03-19,6.0,22.0,14.0,2119.0,9.0,2025,3,Mar,Wednesday,False,0.6364,0.004247,1.15,-3.0,4.9809,-56756.0,False,0
2025-03-20,9.0,20.0,11.0,2124.0,7.0,2025,3,Mar,Thursday,False,0.55,0.003296,0.9,2.0,1.3801,-56754.0,True,1
2025-03-23,15.0,29.0,9.0,2136.0,2.0,2025,3,Mar,Sunday,True,0.3103,0.000936,0.4583,13.0,2.3705,-56741.0,True,2
2025-03-24,7.0,13.0,11.0,2139.0,7.0,2025,3,Mar,Monday,False,0.8462,0.003273,1.0,0.0,2.3705,-56741.0,False,0
2025-03-25,12.0,19.0,7.0,2145.0,6.0,2025,3,Mar,Tuesday,False,0.3684,0.002797,0.6842,6.0,2.2887,-56735.0,True,1
2025-03-26,9.0,21.0,15.0,2159.0,2.0,2025,3,Mar,Wednesday,False,0.7143,0.000926,0.7083,7.0,2.7946,-56728.0,True,2
2025-03-27,1.0,19.0,13.0,2159.0,2.0,2025,3,Mar,Thursday,False,0.6842,0.000926,1.0714,-1.0,2.9439,-56729.0,False,0
2025-03-30,9.0,20.0,5.0,2188.0,2.0,2025,3,Mar,Sunday,True,0.25,0.000914,0.5,7.0,2.5166,-56722.0,True,1
2025-03-31,9.0,25.0,8.0,2193.0,5.0,2025,3,Mar,Monday,False,0.32,0.00228,0.7647,4.0,2.2147,-56718.0,True,2
2025-04-01,17.0,36.0,7.0,2191.0,12.0,2025,4,Apr,Tuesday,False,0.1944,0.005477,0.7917,5.0,3.671,-56713.0,True,3
2025-04-02,5.0,31.0,16.0,2208.0,3.0,2025,4,Apr,Wednesday,False,0.5161,0.001359,0.9048,2.0,3.645,-56711.0,True,4
2025-04-03,12.0,26.0,18.0,2223.0,8.0,2025,4,Apr,Thursday,False,0.6923,0.003599,0.8667,4.0,3.8483,-56707.0,True,5
2025-04-06,7.0,14.0,7.0,2234.0,11.0,2025,4,Apr,Sunday,True,0.5,0.004924,1.2857,-4.0,4.2201,-56711.0,False,0
2025-04-07,12.0,22.0,9.0,2237.0,5.0,2025,4,Apr,Monday,False,0.4091,0.002235,0.6667,7.0,3.8668,-56704.0,True,1
2025-04-08,12.0,34.0,12.0,2243.0,9.0,2025,4,Apr,Tuesday,False,0.3529,0.004012,0.875,3.0,3.3594,-56701.0,True,2
2025-04-09,6.0,19.0,10.0,2251.0,5.0,2025,4,Apr,Wednesday,False,0.5263,0.002221,0.9375,1.0,3.3594,-56700.0,True,3
2025-04-10,18.0,25.0,17.0,2265.0,6.0,2025,4,Apr,Thursday,False,0.68,0.002649,0.6571,12.0,2.7516,-56688.0,True,4
2025-04-11,8.0,22.0,8.0,2267.0,9.0,2025,4,Apr,Friday,False,0.3636,0.00397,1.0625,-1.0,2.2991,-56689.0,False,0
2025-04-13,5.0,26.0,10.0,2283.0,3.0,2025,4,Apr,Sunday,True,0.3846,0.001314,0.8667,2.0,2.8536,-56687.0,True,1
2025-04-14,5.0,26.0,9.0,2282.0,13.0,2025,4,Apr,Monday,False,0.3462,0.005697,1.5714,-8.0,3.3877,-56695.0,False,0
2025-04-15,4.0,19.0,12.0,2286.0,7.0,2025,4,Apr,Tuesday,False,0.6316,0.003062,1.1875,-3.0,3.2587,-56698.0,False,0
2025-04-16,11.0,30.0,5.0,2291.0,8.0,2025,4,Apr,Wednesday,False,0.1667,0.003492,0.8125,3.0,3.1997,-56695.0,True,1
2025-04-17,7.0,26.0,10.0,2288.0,14.0,2025,4,Apr,Thursday,False,0.3846,0.006119,1.4118,-7.0,3.8668,-56702.0,False,0
2025-04-20,4.0,15.0,6.0,2305.0,4.0,2025,4,Apr,Sunday,True,0.4,0.001735,1.0,0.0,4.1519,-56702.0,False,0
2025-04-21,10.0,25.0,5.0,2308.0,6.0,2025,4,Apr,Monday,False,0.2,0.0026,0.7333,4.0,4.2201,-56698.0,True,1
2025-04-22,7.0,19.0,14.0,2305.0,17.0,2025,4,Apr,Tuesday,False,0.7368,0.007375,1.4762,-10.0,4.8107,-56708.0,False,0
2025-04-23,3.0,23.0,4.0,2300.0,11.0,2025,4,Apr,Wednesday,False,0.1739,0.004783,2.1429,-8.0,4.6496,-56716.0,False,0
2025-04-24,3.0,9.0,7.0,2294.0,13.0,2025,4,Apr,Thursday,False,0.7778,0.005667,2.0,-10.0,4.6496,-56726.0,False,0
2025-04-27,9.0,40.0,12.0,2301.0,4.0,2025,4,Apr,Sunday,True,0.3,0.001738,0.7619,5.0,5.2099,-56721.0,True,1
2025-04-28,6.0,26.0,12.0,2307.0,8.0,2025,4,Apr,Monday,False,0.4615,0.003468,1.1111,-2.0,4.899,-56723.0,False,0
2025-04-29,11.0,25.0,11.0,2304.0,15.0,2025,4,Apr,Tuesday,False,0.44,0.00651,1.1818,-4.0,4.7909,-56727.0,False,0
2025-04-30,7.0,34.0,9.0,2309.0,12.0,2025,4,Apr,Wednesday,False,0.2647,0.005197,1.3125,-5.0,4.3534,-56732.0,False,0
2025-05-01,13.0,32.0,14.0,2306.0,16.0,2025,5,May,Thursday,False,0.4375,0.006938,1.1111,-3.0,4.1519,-56735.0,False,0
2025-05-04,9.0,31.0,10.0,2335.0,5.0,2025,5,May,Sunday,True,0.3226,0.002141,0.7895,4.0,4.7909,-56731.0,True,1
2025-05-05,15.0,44.0,20.0,2331.0,17.0,2025,5,May,Monday,False,0.4545,0.007293,1.0571,-2.0,5.3541,-56733.0,False,0
2025-05-06,10.0,33.0,16.0,2339.0,16.0,2025,5,May,Tuesday,False,0.4848,0.006841,1.2308,-6.0,4.6085,-56739.0,False,0
2025-05-07,10.0,30.0,15.0,2335.0,10.0,2025,5,May,Wednesday,False,0.5,0.004283,1.0,0.0,4.3205,-56739.0,False,0
2025-05-08,15.0,24.0,16.0,2361.0,11.0,2025,5,May,Thursday,False,0.6667,0.004659,0.871,4.0,4.2762,-56735.0,True,1
2025-05-11,15.0,20.0,12.0,2385.0,3.0,2025,5,May,Sunday,True,0.6,0.001258,0.5556,12.0,5.5806,-56723.0,True,2
2025-05-12,7.0,33.0,14.0,2392.0,7.0,2025,5,May,Monday,False,0.4242,0.002926,1.0,0.0,5.305,-56723.0,False,0
2025-05-13,18.0,29.0,12.0,2394.0,11.0,2025,5,May,Tuesday,False,0.4138,0.004595,0.7667,7.0,4.855,-56716.0,True,1
2025-05-14,7.0,30.0,14.0,2394.0,11.0,2025,5,May,Wednesday,False,0.4667,0.004595,1.1905,-4.0,4.0178,-56720.0,False,0
2025-05-15,15.0,31.0,14.0,2410.0,14.0,2025,5,May,Thursday,False,0.4516,0.005809,0.9655,1.0,3.5523,-56719.0,True,1
2025-05-18,13.0,28.0,14.0,2437.0,9.0,2025,5,May,Sunday,True,0.5,0.003693,0.8519,4.0,3.5523,-56715.0,True,2
2025-05-19,7.0,27.0,17.0,2457.0,6.0,2025,5,May,Monday,False,0.6296,0.002442,0.9583,1.0,3.6839,-56714.0,True,3
2025-05-21,14.0,62.0,13.0,2467.0,18.0,2025,5,May,Wednesday,False,0.2097,0.007296,1.1481,-4.0,4.1404,-56718.0,False,0
2025-05-22,18.0,36.0,17.0,2473.0,15.0,2025,5,May,Thursday,False,0.4722,0.006066,0.9143,3.0,4.0,-56715.0,True,1
2025-05-27,6.0,24.0,7.0,2504.0,11.0,2025,5,May,Tuesday,False,0.2917,0.004393,1.3846,-5.0,4.0,-56720.0,False,0
2025-05-28,12.0,39.0,12.0,2499.0,14.0,2025,5,May,Wednesday,False,0.3077,0.005602,1.0833,-2.0,4.0356,-56722.0,False,0
2025-05-29,13.0,38.0,15.0,2506.0,11.0,2025,5,May,Thursday,False,0.3947,0.004389,0.9286,2.0,4.0,-56720.0,True,1
2025-06-01,8.0,24.0,16.0,2528.0,12.0,2025,6,Jun,Sunday,True,0.6667,0.004747,1.1667,-4.0,3.7796,-56724.0,False,0
2025-06-02,10.0,19.0,5.0,2518.0,16.0,2025,6,Jun,Monday,False,0.2632,0.006354,1.4,-6.0,2.6726,-56730.0,False,0
2025-06-03,5.0,23.0,11.0,2519.0,15.0,2025,6,Jun,Tuesday,False,0.4783,0.005955,1.625,-10.0,2.0702,-56740.0,False,0
2025-06-04,4.0,16.0,9.0,2516.0,16.0,2025,6,Jun,Wednesday,False,0.5625,0.006359,1.9231,-12.0,2.2254,-56752.0,False,0
2025-06-05,8.0,26.0,5.0,2503.0,21.0,2025,6,Jun,Thursday,False,0.1923,0.00839,2.0,-13.0,3.266,-56765.0,False,0
2025-06-08,10.0,16.0,15.0,2507.0,13.0,2025,6,Jun,Sunday,True,0.9375,0.005185,1.12,-3.0,3.3381,-56768.0,False,0
2025-06-09,8.0,21.0,14.0,2516.0,9.0,2025,6,Jun,Monday,False,0.6667,0.003577,1.0455,-1.0,3.7796,-56769.0,False,0
2025-06-10,17.0,28.0,7.0,2511.0,12.0,2025,6,Jun,Tuesday,False,0.25,0.004779,0.7917,5.0,3.7796,-56764.0,True,1
2025-06-17,7.0,24.0,10.0,2523.0,14.0,2025,6,Jun,Tuesday,False,0.4167,0.005549,1.4118,-7.0,3.7289,-56771.0,False,0
2025-06-19,8.0,19.0,7.0,2501.0,18.0,2025,6,Jun,Thursday,False,0.3684,0.007197,1.6667,-10.0,3.9881,-56781.0,False,0
2025-06-22,7.0,13.0,5.0,2508.0,7.0,2025,6,Jun,Sunday,True,0.3846,0.002791,1.0,0.0,4.8599,-56781.0,False,0
2025-06-23,3.0,15.0,5.0,2495.0,17.0,2025,6,Jun,Monday,False,0.3333,0.006814,2.75,-14.0,3.9761,-56795.0,False,0
2025-06-24,5.0,20.0,5.0,2489.0,16.0,2025,6,Jun,Tuesday,False,0.25,0.006428,2.1,-11.0,4.1519,-56806.0,False,0
2025-06-25,6.0,12.0,2.0,2470.0,24.0,2025,6,Jun,Wednesday,False,0.1667,0.009717,3.25,-18.0,5.287,-56824.0,False,0
2025-06-26,3.0,9.0,7.0,2447.0,35.0,2025,6,Jun,Thursday,False,0.7778,0.014303,4.2,-32.0,8.7885,-56856.0,False,0
2025-06-29,5.0,17.0,7.0,2413.0,20.0,2025,6,Jun,Sunday,True,0.4118,0.008288,2.25,-15.0,8.5412,-56871.0,False,0
2025-06-30,9.0,22.0,8.0,2407.0,16.0,2025,6,Jun,Monday,False,0.3636,0.006647,1.4118,-7.0,8.6355,-56878.0,False,0
2025-07-01,7.0,14.0,6.0,2391.0,22.0,2025,7,Jul,Tuesday,False,0.4286,0.009201,2.1538,-15.0,6.7295,-56893.0,False,0
2025-07-02,8.0,20.0,9.0,2373.0,38.0,2025,7,Jul,Wednesday,False,0.45,0.016013,2.7647,-30.0,8.7912,-56923.0,False,0
2025-07-06,4.0,17.0,2.0,2332.0,8.0,2025,7,Jul,Sunday,True,0.1176,0.003431,1.6667,-4.0,10.4357,-56927.0,False,0
2025-07-07,3.0,18.0,8.0,2317.0,20.0,2025,7,Jul,Monday,False,0.4444,0.008632,2.5455,-17.0,10.4994,-56944.0,False,0
2025-07-08,5.0,16.0,8.0,2306.0,20.0,2025,7,Jul,Tuesday,False,0.5,0.008673,2.1538,-15.0,8.9974,-56959.0,False,0
2025-07-09,2.0,18.0,0.0,2281.0,32.0,2025,7,Jul,Wednesday,False,0.0,0.014029,16.0,-30.0,9.9618,-56989.0,False,0
2025-07-10,2.0,12.0,3.0,2252.0,39.0,2025,7,Jul,Thursday,False,0.25,0.017318,8.4,-37.0,11.2525,-57026.0,False,0
2025-07-13,1.0,13.0,4.0,2204.0,10.0,2025,7,Jul,Sunday,True,0.3077,0.004537,2.8,-9.0,12.7073,-57035.0,False,0
2025-07-14,2.0,9.0,1.0,2181.0,26.0,2025,7,Jul,Monday,False,0.1111,0.011921,9.0,-24.0,11.2016,-57059.0,False,0
2025-07-15,0.0,8.0,5.0,2171.0,17.0,2025,7,Jul,Tuesday,False,0.625,0.00783,4.4,-17.0,9.7272,-57076.0,False,0
2025-07-16,1.0,9.0,0.0,2164.0,11.0,2025,7,Jul,Wednesday,False,0.0,0.005083,11.0,-10.0,10.7924,-57086.0,False,0
2025-07-17,3.0,16.0,2.0,2153.0,17.0,2025,7,Jul,Thursday,False,0.125,0.007896,3.8,-14.0,10.9501,-57100.0,False,0
2025-07-21,4.0,18.0,7.0,2121.0,16.0,2025,7,Jul,Monday,False,0.3889,0.007544,2.0909,-12.0,10.0806,-57112.0,False,0
2025-07-22,5.0,13.0,3.0,2117.0,16.0,2025,7,Jul,Tuesday,False,0.2308,0.007558,2.375,-11.0,5.2099,-57123.0,False,0
2025-07-23,6.0,21.0,5.0,2111.0,14.0,2025,7,Jul,Wednesday,False,0.2381,0.006632,1.7273,-8.0,4.6085,-57131.0,False,0
2025-07-24,6.0,18.0,7.0,2096.0,29.0,2025,7,Jul,Thursday,False,0.3889,0.013836,2.7692,-23.0,5.64,-57154.0,False,0
2025-07-27,1.0,12.0,2.0,2088.0,4.0,2025,7,Jul,Sunday,True,0.1667,0.001916,2.0,-3.0,7.5214,-57157.0,False,0
2025-07-28,2.0,9.0,3.0,2080.0,14.0,2025,7,Jul,Monday,False,0.3333,0.006731,3.4,-12.0,7.3193,-57169.0,False,0
2025-07-29,2.0,8.0,3.0,2072.0,12.0,2025,7,Jul,Tuesday,False,0.375,0.005792,3.0,-10.0,7.4162,-57179.0,False,0
2025-07-30,4.0,15.0,4.0,2063.0,16.0,2025,7,Jul,Wednesday,False,0.2667,0.007756,2.5,-12.0,7.4162,-57191.0,False,0
2025-07-31,2.0,9.0,6.0,2058.0,15.0,2025,7,Jul,Thursday,False,0.6667,0.007289,2.625,-13.0,7.4033,-57204.0,False,0
2025-08-03,5.0,26.0,3.0,2049.0,5.0,2025,8,Aug,Sunday,True,0.1154,0.00244,1.0,0.0,8.3038,-57204.0,False,0
2025-08-04,5.0,22.0,11.0,2040.0,14.0,2025,8,Aug,Monday,False,0.5,0.006863,1.5625,-9.0,4.8941,-57213.0,False,0
2025-08-05,2.0,21.0,10.0,2042.0,14.0,2025,8,Aug,Tuesday,False,0.4762,0.006856,2.0,-12.0,3.671,-57225.0,False,0
2025-08-06,4.0,17.0,3.0,2036.0,13.0,2025,8,Aug,Wednesday,False,0.1765,0.006385,2.2857,-9.0,3.6384,-57234.0,False,0
2025-08-07,4.0,18.0,6.0,2031.0,17.0,2025,8,Aug,Thursday,False,0.3333,0.00837,2.3,-13.0,3.9521,-57247.0,False,0
2025-08-10,0.0,18.0,8.0,2006.0,12.0,2025,8,Aug,Sunday,True,0.4444,0.005982,2.5,-12.0,3.8048,-57259.0,False,0
2025-08-11,6.0,23.0,4.0,1999.0,16.0,2025,8,Aug,Monday,False,0.1739,0.008004,2.0,-10.0,3.9158,-57269.0,False,0
2025-08-12,8.0,38.0,9.0,1999.0,9.0,2025,8,Aug,Tuesday,False,0.2368,0.004502,1.0588,-1.0,2.6367,-57270.0,False,0
2025-08-13,6.0,22.0,12.0,1997.0,17.0,2025,8,Aug,Wednesday,False,0.5455,0.008513,1.6111,-11.0,2.9439,-57281.0,False,0
2025-08-14,3.0,27.0,4.0,1994.0,11.0,2025,8,Aug,Thursday,False,0.1481,0.005517,2.1429,-8.0,3.1547,-57289.0,False,0
2025-08-17,4.0,14.0,2.0,1991.0,3.0,2025,8,Aug,Sunday,True,0.1429,0.001507,0.8333,1.0,5.113,-57288.0,True,1
2025-08-18,4.0,20.0,6.0,1985.0,14.0,2025,8,Aug,Monday,False,0.3,0.007053,2.0,-10.0,4.7509,-57298.0,False,0
2025-08-19,5.0,35.0,3.0,1980.0,11.0,2025,8,Aug,Tuesday,False,0.0857,0.005556,1.75,-6.0,4.7559,-57304.0,False,0
2025-08-20,10.0,38.0,10.0,1983.0,10.0,2025,8,Aug,Wednesday,False,0.2632,0.005043,1.0,0.0,4.348,-57304.0,False,0
2025-08-21,6.0,49.0,8.0,1972.0,21.0,2025,8,Aug,Thursday,False,0.1633,0.010649,2.0714,-15.0,5.7113,-57319.0,False,0
2025-08-24,4.0,21.0,5.0,1981.0,5.0,2025,8,Aug,Sunday,True,0.2381,0.002524,1.1111,-1.0,5.908,-57320.0,False,0
2025-08-25,8.0,30.0,8.0,1980.0,11.0,2025,8,Aug,Monday,False,0.2667,0.005556,1.1875,-3.0,5.908,-57323.0,False,0
2025-08-26,10.0,21.0,20.0,1989.0,15.0,2025,8,Aug,Tuesday,False,0.9524,0.007541,1.1667,-5.0,4.9618,-57328.0,False,0
2025-08-27,5.0,19.0,9.0,1988.0,19.0,2025,8,Aug,Wednesday,False,0.4737,0.009557,2.0,-14.0,5.5506,-57342.0,False,0
2025-08-28,8.0,33.0,6.0,1984.0,17.0,2025,8,Aug,Thursday,False,0.1818,0.008569,1.6429,-9.0,5.6273,-57351.0,False,0
2025-09-01,10.0,29.0,17.0,2010.0,5.0,2025,9,Sep,Monday,False,0.5862,0.002488,0.8148,5.0,6.4734,-57346.0,True,1
2025-09-02,6.0,35.0,9.0,2020.0,9.0,2025,9,Sep,Tuesday,False,0.2571,0.004455,1.2,-3.0,5.6231,-57349.0,False,0
2025-09-03,4.0,29.0,11.0,2019.0,10.0,2025,9,Sep,Wednesday,False,0.3793,0.004953,1.4,-6.0,4.9232,-57355.0,False,0
2025-09-04,11.0,40.0,2.0,2015.0,14.0,2025,9,Sep,Thursday,False,0.05,0.006948,1.2308,-3.0,4.9232,-57358.0,False,0
2025-09-07,4.0,19.0,9.0,2026.0,7.0,2025,9,Sep,Sunday,True,0.4737,0.003455,1.2308,-3.0,5.2236,-57361.0,False,0
2025-09-08,7.0,25.0,5.0,2025.0,6.0,2025,9,Sep,Monday,False,0.2,0.002963,0.9167,1.0,4.3861,-57360.0,True,1
2025-09-09,18.0,42.0,11.0,2023.0,14.0,2025,9,Sep,Tuesday,False,0.2619,0.00692,0.8621,4.0,3.6384,-57356.0,True,2
2025-09-10,10.0,47.0,14.0,2025.0,18.0,2025,9,Sep,Wednesday,False,0.2979,0.008889,1.3333,-8.0,4.337,-57364.0,False,0
2025-09-11,12.0,38.0,29.0,2047.0,6.0,2025,9,Sep,Thursday,False,0.7632,0.002931,0.8537,6.0,4.7157,-57358.0,True,1
2025-09-14,7.0,39.0,13.0,2083.0,5.0,2025,9,Sep,Sunday,True,0.3333,0.0024,0.9,2.0,5.1962,-57356.0,True,2
2025-09-15,9.0,47.0,10.0,2086.0,10.0,2025,9,Sep,Monday,False,0.2128,0.004794,1.0526,-1.0,4.8941,-57357.0,False,0
2025-09-16,7.0,28.0,17.0,2095.0,12.0,2025,9,Sep,Tuesday,False,0.6071,0.005728,1.2083,-5.0,4.8452,-57362.0,False,0
2025-09-17,7.0,38.0,5.0,2096.0,13.0,2025,9,Sep,Wednesday,False,0.1316,0.006202,1.5,-6.0,4.5617,-57368.0,False,0
2025-09-18,20.0,52.0,11.0,2096.0,14.0,2025,9,Sep,Thursday,False,0.2115,0.006679,0.8065,6.0,4.5617,-57362.0,True,1
2025-09-21,8.0,35.0,13.0,2134.0,5.0,2025,9,Sep,Sunday,True,0.3714,0.002343,0.8571,3.0,3.9036,-57359.0,True,2
2025-09-22,17.0,40.0,14.0,2141.0,10.0,2025,9,Sep,Monday,False,0.35,0.004671,0.7742,7.0,3.6253,-57352.0,True,3
2025-09-23,11.0,36.0,10.0,2145.0,15.0,2025,9,Sep,Tuesday,False,0.2778,0.006993,1.1905,-4.0,3.3523,-57356.0,False,0
2025-09-24,3.0,38.0,12.0,2138.0,17.0,2025,9,Sep,Wednesday,False,0.3158,0.007951,1.9333,-14.0,3.9036,-57370.0,False,0
2025-09-25,6.0,35.0,12.0,2132.0,18.0,2025,9,Sep,Thursday,False,0.3429,0.008443,1.6667,-12.0,4.4508,-57382.0,False,0
2025-09-28,11.0,29.0,12.0,2146.0,9.0,2025,9,Sep,Sunday,True,0.4138,0.004194,0.913,2.0,4.7208,-57380.0,True,1
2025-09-29,8.0,35.0,12.0,2148.0,13.0,2025,9,Sep,Monday,False,0.3429,0.006052,1.25,-5.0,4.6853,-57385.0,False,0
2025-09-30,8.0,32.0,12.0,2159.0,7.0,2025,9,Sep,Tuesday,False,0.375,0.003242,0.95,1.0,4.1918,-57384.0,True,1
2025-10-01,4.0,33.0,12.0,2163.0,14.0,2025,10,Oct,Wednesday,False,0.3636,0.006472,1.625,-10.0,4.0297,-57394.0,False,0
2025-10-02,20.0,51.0,15.0,2164.0,16.0,2025,10,Oct,Thursday,False,0.2941,0.007394,0.8857,4.0,4.1173,-57390.0,True,1
2025-10-05,8.0,28.0,13.0,2180.0,16.0,2025,10,Oct,Sunday,True,0.4643,0.007339,1.381,-8.0,3.9881,-57398.0,False,0
2025-10-06,5.0,33.0,15.0,2187.0,10.0,2025,10,Oct,Monday,False,0.4545,0.004572,1.25,-5.0,3.5322,-57403.0,False,0
2025-10-07,11.0,45.0,4.0,2189.0,10.0,2025,10,Oct,Tuesday,False,0.0889,0.004568,0.9333,1.0,3.4017,-57402.0,True,1
2025-10-08,8.0,49.0,15.0,2192.0,17.0,2025,10,Oct,Wednesday,False,0.3061,0.007755,1.3913,-9.0,3.8483,-57411.0,False,0
2025-10-09,11.0,55.0,13.0,2192.0,12.0,2025,10,Oct,Thursday,False,0.2364,0.005474,1.0417,-1.0,2.9358,-57412.0,False,0
2025-10-13,8.0,24.0,7.0,2223.0,6.0,2025,10,Oct,Monday,False,0.2917,0.002699,0.8667,2.0,4.0766,-57410.0,True,1
2025-10-14,7.0,30.0,16.0,2235.0,8.0,2025,10,Oct,Tuesday,False,0.5333,0.003579,1.0435,-1.0,4.0297,-57411.0,False,0
2025-10-15,8.0,29.0,10.0,2225.0,15.0,2025,10,Oct,Wednesday,False,0.3448,0.006742,1.3889,-7.0,3.8483,-57418.0,False,0
2025-10-16,9.0,33.0,15.0,2233.0,9.0,2025,10,Oct,Thursday,False,0.4545,0.00403,1.0,0.0,3.9158,-57418.0,False,0
2025-10-19,9.0,34.0,17.0,2237.0,7.0,2025,10,Oct,Sunday,True,0.5,0.003129,0.9231,2.0,4.1975,-57416.0,True,1
2025-10-20,10.0,39.0,6.0,2243.0,7.0,2025,10,Oct,Monday,False,0.1538,0.003121,0.8125,3.0,3.2367,-57413.0,True,2
2025-10-21,13.0,39.0,17.0,2251.0,9.0,2025,10,Oct,Tuesday,False,0.4359,0.003998,0.8667,4.0,2.9841,-57409.0,True,3
2025-10-22,12.0,42.0,13.0,2261.0,12.0,2025,10,Oct,Wednesday,False,0.3095,0.005307,1.0,0.0,2.9358,-57409.0,False,0
2025-10-23,4.0,27.0,26.0,2266.0,18.0,2025,10,Oct,Thursday,False,0.963,0.007944,1.4667,-14.0,4.2032,-57423.0,False,0
2025-10-26,4.0,35.0,12.0,2276.0,10.0,2025,10,Oct,Sunday,True,0.3429,0.004394,1.375,-6.0,3.8173,-57429.0,False,0
2025-10-27,2.0,31.0,8.0,2282.0,11.0,2025,10,Oct,Monday,False,0.2581,0.00482,1.9,-9.0,3.7796,-57438.0,False,0
2025-10-28,6.0,22.0,11.0,2286.0,6.0,2025,10,Oct,Tuesday,False,0.5,0.002625,1.0,0.0,3.9521,-57438.0,False,0
2025-10-29,6.0,25.0,4.0,2280.0,17.0,2025,10,Oct,Wednesday,False,0.16,0.007456,2.1,-11.0,4.2984,-57449.0,False,0
2025-10-30,3.0,17.0,14.0,2287.0,12.0,2025,10,Oct,Thursday,False,0.8235,0.005247,1.5294,-9.0,4.1115,-57458.0,False,0
2025-11-02,5.0,21.0,10.0,2277.0,7.0,2025,11,Nov,Sunday,True,0.4762,0.003074,1.1333,-2.0,4.5774,-57460.0,False,0
2025-11-03,3.0,28.0,5.0,2269.0,12.0,2025,11,Nov,Monday,False,0.1786,0.005289,2.125,-9.0,3.6384,-57469.0,False,0
2025-11-04,6.0,33.0,6.0,2270.0,8.0,2025,11,Nov,Tuesday,False,0.1818,0.003524,1.1667,-2.0,3.7796,-57471.0,False,0
2025-11-05,8.0,41.0,8.0,2272.0,7.0,2025,11,Nov,Wednesday,False,0.1951,0.003081,0.9375,1.0,3.9761,-57470.0,True,1
2025-11-06,6.0,33.0,9.0,2264.0,19.0,2025,11,Nov,Thursday,False,0.2727,0.008392,1.8667,-13.0,4.8206,-57483.0,False,0
2025-11-09,11.0,33.0,5.0,2294.0,4.0,2025,11,Nov,Sunday,True,0.1515,0.001744,0.5625,7.0,4.9473,-57476.0,True,1
2025-11-11,11.0,39.0,12.0,2294.0,14.0,2025,11,Nov,Tuesday,False,0.3077,0.006103,1.1304,-3.0,5.1455,-57479.0,False,0
2025-11-12,14.0,48.0,20.0,2302.0,7.0,2025,11,Nov,Wednesday,False,0.4167,0.003041,0.7941,7.0,5.1455,-57472.0,True,1
2025-11-13,6.0,26.0,16.0,2317.0,5.0,2025,11,Nov,Thursday,False,0.6154,0.002158,0.9545,1.0,5.3984,-57471.0,True,2
2025-11-16,5.0,22.0,3.0,2340.0,5.0,2025,11,Nov,Sunday,True,0.1364,0.002137,1.0,0.0,5.6188,-57471.0,False,0
2025-11-17,1.0,35.0,6.0,2343.0,8.0,2025,11,Nov,Monday,False,0.1714,0.003414,2.0,-7.0,5.5806,-57478.0,False,0
2025-11-18,2.0,38.0,8.0,2345.0,12.0,2025,11,Nov,Tuesday,False,0.2105,0.005117,2.0,-10.0,3.8048,-57488.0,False,0
2025-11-19,7.0,32.0,3.0,2340.0,10.0,2025,11,Nov,Wednesday,False,0.0938,0.004274,1.3,-3.0,3.4503,-57491.0,False,0
2025-11-20,18.0,57.0,8.0,2340.0,9.0,2025,11,Nov,Thursday,False,0.1404,0.003846,0.6538,9.0,2.582,-57482.0,True,1
2025-11-23,3.0,46.0,22.0,2375.0,1.0,2025,11,Nov,Sunday,True,0.4783,0.000421,0.92,2.0,3.7161,-57480.0,True,2
2025-11-24,9.0,40.0,9.0,2371.0,13.0,2025,11,Nov,Monday,False,0.225,0.005483,1.2222,-4.0,4.1519,-57484.0,False,0
2025-11-25,6.0,47.0,14.0,2375.0,11.0,2025,11,Nov,Tuesday,False,0.2979,0.004632,1.25,-5.0,3.9761,-57489.0,False,0
2025-11-27,4.0,24.0,8.0,2389.0,7.0,2025,11,Nov,Thursday,False,0.3333,0.00293,1.25,-3.0,4.0415,-57492.0,False,0
2025-11-30,4.0,18.0,10.0,2415.0,0.0,2025,11,Nov,Sunday,True,0.5556,0.0,0.7143,4.0,4.9905,-57488.0,True,1
2025-12-01,4.0,26.0,4.0,2410.0,9.0,2025,12,Dec,Monday,False,0.1538,0.003734,1.625,-5.0,4.9135,-57493.0,False,0
2025-12-02,7.0,34.0,6.0,2407.0,8.0,2025,12,Dec,Tuesday,False,0.1765,0.003324,1.0769,-1.0,4.8648,-57494.0,False,0
2025-12-03,4.0,32.0,8.0,2419.0,7.0,2025,12,Dec,Wednesday,False,0.25,0.002894,1.25,-3.0,4.0999,-57497.0,False,0
2025-12-04,16.0,39.0,7.0,2418.0,13.0,2025,12,Dec,Thursday,False,0.1795,0.005376,0.8696,3.0,4.0999,-57494.0,True,1
2025-12-07,4.0,24.0,13.0,2429.0,12.0,2025,12,Dec,Sunday,True,0.5417,0.00494,1.4706,-8.0,4.2426,-57502.0,False,0
2025-12-08,9.0,27.0,9.0,2440.0,4.0,2025,12,Dec,Monday,False,0.3333,0.001639,0.7222,5.0,4.504,-57497.0,True,1
2025-12-09,4.0,30.0,7.0,2443.0,8.0,2025,12,Dec,Tuesday,False,0.2333,0.003275,1.3636,-4.0,3.0394,-57501.0,False,0
2025-12-10,10.0,54.0,5.0,2439.0,9.0,2025,12,Dec,Wednesday,False,0.0926,0.00369,0.9333,1.0,3.0394,-57500.0,True,1
2025-12-11,7.0,47.0,9.0,2437.0,10.0,2025,12,Dec,Thursday,False,0.1915,0.004103,1.1875,-3.0,3.0551,-57503.0,False,0
2025-12-14,8.0,35.0,4.0,2462.0,8.0,2025,12,Dec,Sunday,True,0.1143,0.003249,1.0,0.0,2.9681,-57503.0,False,0
2025-12-15,11.0,42.0,9.0,2470.0,7.0,2025,12,Dec,Monday,False,0.2143,0.002834,0.8,4.0,2.4976,-57499.0,True,1
2025-12-16,8.0,54.0,15.0,2468.0,9.0,2025,12,Dec,Tuesday,False,0.2778,0.003647,1.0435,-1.0,1.9518,-57500.0,False,0
2025-12-17,7.0,31.0,11.0,2481.0,10.0,2025,12,Dec,Wednesday,False,0.3548,0.004031,1.1667,-3.0,1.1127,-57503.0,False,0
2025-12-18,11.0,50.0,6.0,2472.0,16.0,2025,12,Dec,Thursday,False,0.12,0.006472,1.2941,-5.0,2.9114,-57508.0,False,0
2025-12-21,6.0,18.0,11.0,2484.0,14.0,2025,12,Dec,Sunday,True,0.6111,0.005636,1.4706,-8.0,3.2587,-57516.0,False,0
